Id,Response
20000,8
20001,8
20002,8
20003,7
20004,8
20005,7
20006,6
20007,5
20008,5
20009,7
20010,7
20011,7
20012,8
20013,6
20014,7
20015,2
20016,3
20017,8
20018,4
20019,8
20020,4
20021,8
20022,8
20023,8
20024,2
20025,5
20026,8
20027,6
20028,8
20029,8
20030,8
20031,8
20032,5
20033,5
20034,4
20035,7
20036,4
20037,8
20038,6
20039,4
20040,7
20041,8
20042,7
20043,2
20044,2
20045,1
20046,7
20047,6
20048,8
20049,6
20050,6
20051,3
20052,7
20053,6
20054,3
20055,4
20056,8
20057,1
20058,6
20059,4
20060,8
20061,8
20062,5
20063,8
20064,4
20065,8
20066,7
20067,5
20068,8
20069,2
20070,8
20071,3
20072,8
20073,5
20074,4
20075,8
20076,2
20077,6
20078,8
20079,8
20080,8
20081,8
20082,6
20083,8
20084,4
20085,7
20086,7
20087,4
20088,4
20089,3
20090,8
20091,3
20092,6
20093,7
20094,7
20095,8
20096,8
20097,8
20098,7
20099,7
20100,7
20101,7
20102,8
20103,1
20104,7
20105,8
20106,3
20107,8
20108,3
20109,4
20110,8
20111,4
20112,8
20113,3
20114,7
20115,4
20116,3
20117,2
20118,8
20119,2
20120,7
20121,2
20122,7
20123,8
20124,3
20125,3
20126,7
20127,8
20128,7
20129,8
20130,6
20131,7
20132,1
20133,8
20134,7
20135,8
20136,8
20137,7
20138,6
20139,1
20140,4
20141,1
20142,4
20143,4
20144,2
20145,8
20146,8
20147,1
20148,4
20149,6
20150,1
20151,8
20152,3
20153,3
20154,1
20155,7
20156,8
20157,8
20158,2
20159,2
20160,6
20161,8
20162,8
20163,5
20164,8
20165,2
20166,6
20167,8
20168,8
20169,8
20170,3
20171,7
20172,8
20173,3
20174,8
20175,4
20176,8
20177,2
20178,3
20179,6
20180,7
20181,5
20182,8
20183,7
20184,4
20185,3
20186,4
20187,3
20188,3
20189,6
20190,2
20191,1
20192,8
20193,1
20194,6
20195,8
20196,5
20197,1
20198,6
20199,4
20200,6
20201,7
20202,8
20203,3
20204,8
20205,6
20206,8
20207,6
20208,5
20209,7
20210,5
20211,3
20212,8
20213,5
20214,3
20215,4
20216,1
20217,8
20218,5
20219,7
20220,4
20221,4
20222,3
20223,3
20224,1
20225,4
20226,6
20227,1
20228,8
20229,8
20230,1
20231,7
20232,2
20233,6
20234,7
20235,6
20236,4
20237,8
20238,7
20239,5
20240,8
20241,7
20242,8
20243,1
20244,7
20245,8
20246,4
20247,8
20248,6
20249,6
20250,4
20251,1
20252,4
20253,8
20254,3
20255,2
20256,8
20257,1
20258,6
20259,7
20260,8
20261,6
20262,5
20263,8
20264,8
20265,8
20266,8
20267,7
20268,6
20269,8
20270,8
20271,7
20272,1
20273,3
20274,6
20275,3
20276,6
20277,8
20278,8
20279,3
20280,8
20281,5
20282,7
20283,7
20284,8
20285,8
20286,6
20287,8
20288,6
20289,8
20290,5
20291,8
20292,8
20293,4
20294,8
20295,5
20296,2
20297,1
20298,8
20299,8
20300,1
20301,5
20302,5
20303,7
20304,3
20305,2
20306,1
20307,5
20308,1
20309,8
20310,3
20311,2
20312,2
20313,8
20314,4
20315,8
20316,6
20317,4
20318,8
20319,8
20320,4
20321,1
20322,4
20323,4
20324,6
20325,7
20326,4
20327,8
20328,1
20329,7
20330,4
20331,6
20332,1
20333,6
20334,8
20335,8
20336,8
20337,1
20338,6
20339,7
20340,4
20341,6
20342,3
20343,7
20344,7
20345,1
20346,8
20347,7
20348,8
20349,8
20350,3
20351,7
20352,5
20353,5
20354,5
20355,8
20356,4
20357,6
20358,8
20359,8
20360,4
20361,3
20362,8
20363,8
20364,8
20365,2
20366,5
20367,6
20368,7
20369,4
20370,8
20371,5
20372,3
20373,6
20374,5
20375,6
20376,7
20377,7
20378,8
20379,2
20380,8
20381,4
20382,7
20383,7
20384,7
20385,8
20386,6
20387,3
20388,8
20389,6
20390,8
20391,4
20392,8
20393,1
20394,6
20395,8
20396,1
20397,1
20398,8
20399,6
20400,4
20401,8
20402,6
20403,8
20404,6
20405,3
20406,2
20407,1
20408,7
20409,7
20410,7
20411,7
20412,8
20413,4
20414,5
20415,7
20416,1
20417,2
20418,7
20419,8
20420,8
20421,7
20422,7
20423,4
20424,4
20425,8
20426,3
20427,5
20428,7
20429,7
20430,4
20431,8
20432,4
20433,4
20434,8
20435,6
20436,2
20437,8
20438,8
20439,3
20440,6
20441,7
20442,1
20443,5
20444,8
20445,5
20446,8
20447,8
20448,7
20449,1
20450,1
20451,6
20452,3
20453,4
20454,6
20455,1
20456,4
20457,5
20458,3
20459,3
20460,7
20461,8
20462,2
20463,6
20464,6
20465,5
20466,4
20467,2
20468,8
20469,8
20470,7
20471,8
20472,8
20473,4
20474,5
20475,8
20476,3
20477,4
20478,7
20479,7
20480,1
20481,8
20482,4
20483,3
20484,8
20485,8
20486,8
20487,6
20488,3
20489,8
20490,6
20491,7
20492,8
20493,8
20494,8
20495,6
20496,6
20497,3
20498,6
20499,8
20500,8
20501,8
20502,1
20503,8
20504,5
20505,6
20506,4
20507,8
20508,8
20509,8
20510,7
20511,4
20512,7
20513,7
20514,7
20515,5
20516,6
20517,3
20518,8
20519,8
20520,8
20521,8
20522,6
20523,4
20524,8
20525,8
20526,8
20527,8
20528,7
20529,2
20530,2
20531,1
20532,7
20533,8
20534,7
20535,7
20536,2
20537,6
20538,8
20539,4
20540,1
20541,7
20542,5
20543,2
20544,5
20545,8
20546,1
20547,8
20548,8
20549,8
20550,2
20551,7
20552,2
20553,8
20554,8
20555,2
20556,4
20557,6
20558,5
20559,4
20560,8
20561,2
20562,5
20563,1
20564,7
20565,3
20566,4
20567,2
20568,1
20569,6
20570,6
20571,6
20572,8
20573,8
20574,8
20575,8
20576,3
20577,8
20578,2
20579,3
20580,4
20581,8
20582,4
20583,6
20584,8
20585,7
20586,8
20587,7
20588,1
20589,5
20590,5
20591,7
20592,4
20593,2
20594,1
20595,7
20596,7
20597,1
20598,7
20599,4
20600,8
20601,5
20602,5
20603,8
20604,8
20605,3
20606,8
20607,7
20608,8
20609,7
20610,7
20611,4
20612,2
20613,3
20614,3
20615,8
20616,5
20617,8
20618,7
20619,4
20620,7
20621,8
20622,3
20623,4
20624,8
20625,7
20626,6
20627,8
20628,8
20629,8
20630,8
20631,7
20632,8
20633,8
20634,4
20635,1
20636,5
20637,8
20638,2
20639,7
20640,8
20641,1
20642,6
20643,4
20644,6
20645,8
20646,8
20647,8
20648,5
20649,7
20650,6
20651,6
20652,1
20653,5
20654,2
20655,1
20656,8
20657,2
20658,6
20659,6
20660,7
20661,1
20662,8
20663,8
20664,8
20665,6
20666,7
20667,7
20668,3
20669,8
20670,8
20671,4
20672,8
20673,7
20674,1
20675,5
20676,8
20677,6
20678,8
20679,5
20680,8
20681,7
20682,1
20683,8
20684,8
20685,1
20686,4
20687,6
20688,6
20689,8
20690,8
20691,8
20692,8
20693,1
20694,1
20695,6
20696,4
20697,2
20698,8
20699,6
20700,3
20701,4
20702,8
20703,6
20704,8
20705,8
20706,5
20707,7
20708,7
20709,8
20710,4
20711,1
20712,7
20713,1
20714,8
20715,8
20716,6
20717,6
20718,2
20719,5
20720,6
20721,3
20722,8
20723,6
20724,8
20725,4
20726,7
20727,1
20728,3
20729,1
20730,8
20731,8
20732,5
20733,4
20734,3
20735,4
20736,7
20737,6
20738,2
20739,7
20740,5
20741,4
20742,1
20743,6
20744,4
20745,3
20746,6
20747,6
20748,5
20749,7
20750,8
20751,8
20752,6
20753,4
20754,7
20755,6
20756,8
20757,8
20758,3
20759,4
20760,8
20761,7
20762,8
20763,8
20764,5
20765,8
20766,6
20767,6
20768,8
20769,6
20770,2
20771,5
20772,5
20773,6
20774,6
20775,7
20776,7
20777,8
20778,8
20779,6
20780,8
20781,6
20782,8
20783,3
20784,3
20785,7
20786,8
20787,8
20788,5
20789,8
20790,5
20791,8
20792,3
20793,1
20794,6
20795,3
20796,8
20797,5
20798,4
20799,8
20800,6
20801,8
20802,8
20803,6
20804,8
20805,3
20806,8
20807,5
20808,1
20809,1
20810,8
20811,8
20812,7
20813,3
20814,8
20815,7
20816,8
20817,7
20818,1
20819,8
20820,5
20821,4
20822,3
20823,8
20824,3
20825,7
20826,4
20827,7
20828,8
20829,6
20830,8
20831,3
20832,3
20833,7
20834,2
20835,8
20836,1
20837,8
20838,8
20839,8
20840,1
20841,7
20842,5
20843,1
20844,3
20845,8
20846,8
20847,5
20848,8
20849,1
20850,2
20851,7
20852,7
20853,3
20854,4
20855,8
20856,8
20857,4
20858,7
20859,7
20860,8
20861,8
20862,8
20863,4
20864,7
20865,8
20866,1
20867,8
20868,4
20869,6
20870,8
20871,8
20872,4
20873,2
20874,6
20875,8
20876,7
20877,8
20878,8
20879,6
20880,8
20881,1
20882,1
20883,8
20884,2
20885,5
20886,6
20887,8
20888,8
20889,7
20890,3
20891,8
20892,8
20893,8
20894,8
20895,6
20896,8
20897,6
20898,7
20899,3
20900,4
20901,3
20902,5
20903,3
20904,8
20905,8
20906,2
20907,8
20908,5
20909,3
20910,8
20911,6
20912,8
20913,5
20914,1
20915,6
20916,2
20917,8
20918,8
20919,7
20920,5
20921,4
20922,5
20923,8
20924,7
20925,8
20926,1
20927,7
20928,3
20929,3
20930,4
20931,8
20932,7
20933,1
20934,8
20935,4
20936,5
20937,8
20938,8
20939,3
20940,8
20941,1
20942,5
20943,7
20944,8
20945,7
20946,7
20947,8
20948,7
20949,8
20950,8
20951,4
20952,4
20953,3
20954,4
20955,8
20956,8
20957,7
20958,7
20959,4
20960,8
20961,1
20962,4
20963,8
20964,8
20965,8
20966,3
20967,7
20968,3
20969,7
20970,8
20971,8
20972,6
20973,8
20974,2
20975,8
20976,7
20977,4
20978,8
20979,8
20980,8
20981,8
20982,7
20983,7
20984,7
20985,7
20986,6
20987,3
20988,4
20989,8
20990,8
20991,1
20992,6
20993,2
20994,8
20995,8
20996,2
20997,8
20998,6
20999,5
21000,2
21001,6
21002,8
21003,8
21004,5
21005,8
21006,8
21007,8
21008,8
21009,4
21010,6
21011,7
21012,6
21013,7
21014,3
21015,6
21016,6
21017,8
21018,7
21019,6
21020,6
21021,7
21022,7
21023,1
21024,5
21025,2
21026,8
21027,7
21028,8
21029,4
21030,5
21031,3
21032,8
21033,1
21034,5
21035,8
21036,8
21037,1
21038,8
21039,6
21040,6
21041,5
21042,7
21043,8
21044,8
21045,8
21046,2
21047,1
21048,8
21049,3
21050,4
21051,3
21052,7
21053,8
21054,7
21055,4
21056,3
21057,1
21058,1
21059,7
21060,4
21061,8
21062,7
21063,7
21064,4
21065,6
21066,7
21067,8
21068,7
21069,5
21070,7
21071,6
21072,4
21073,8
21074,6
21075,2
21076,6
21077,7
21078,4
21079,6
21080,2
21081,3
21082,5
21083,3
21084,7
21085,1
21086,7
21087,5
21088,3
21089,3
21090,7
21091,6
21092,1
21093,8
21094,8
21095,8
21096,6
21097,8
21098,1
21099,2
21100,7
21101,6
21102,8
21103,8
21104,7
21105,2
21106,6
21107,8
21108,5
21109,8
21110,7
21111,7
21112,8
21113,8
21114,6
21115,8
21116,8
21117,4
21118,6
21119,8
21120,8
21121,1
21122,3
21123,4
21124,7
21125,8
21126,1
21127,7
21128,5
21129,6
21130,4
21131,6
21132,4
21133,6
21134,4
21135,7
21136,6
21137,8
21138,8
21139,7
21140,3
21141,6
21142,8
21143,7
21144,4
21145,8
21146,7
21147,8
21148,6
21149,3
21150,7
21151,5
21152,7
21153,8
21154,7
21155,8
21156,7
21157,1
21158,2
21159,7
21160,3
21161,5
21162,5
21163,2
21164,4
21165,1
21166,2
21167,8
21168,7
21169,5
21170,8
21171,3
21172,6
21173,2
21174,6
21175,5
21176,8
21177,8
21178,3
21179,7
21180,4
21181,6
21182,8
21183,7
21184,8
21185,3
21186,8
21187,7
21188,7
21189,8
21190,6
21191,8
21192,3
21193,6
21194,8
21195,3
21196,4
21197,6
21198,3
21199,7
21200,7
21201,1
21202,8
21203,7
21204,7
21205,3
21206,8
21207,6
21208,8
21209,7
21210,6
21211,1
21212,6
21213,2
21214,8
21215,4
21216,6
21217,2
21218,8
21219,6
21220,7
21221,6
21222,8
21223,3
21224,4
21225,8
21226,3
21227,3
21228,5
21229,7
21230,7
21231,1
21232,3
21233,3
21234,8
21235,3
21236,5
21237,1
21238,7
21239,8
21240,8
21241,8
21242,5
21243,4
21244,7
21245,5
21246,3
21247,7
21248,2
21249,8
21250,8
21251,4
21252,3
21253,2
21254,8
21255,5
21256,6
21257,2
21258,4
21259,1
21260,7
21261,2
21262,2
21263,7
21264,4
21265,8
21266,1
21267,6
21268,3
21269,8
21270,7
21271,2
21272,4
21273,7
21274,4
21275,7
21276,6
21277,8
21278,4
21279,8
21280,6
21281,3
21282,4
21283,4
21284,8
21285,5
21286,8
21287,8
21288,7
21289,2
21290,8
21291,8
21292,6
21293,7
21294,5
21295,5
21296,6
21297,3
21298,4
21299,6
21300,6
21301,1
21302,8
21303,7
21304,4
21305,3
21306,3
21307,4
21308,7
21309,7
21310,4
21311,8
21312,8
21313,7
21314,6
21315,3
21316,7
21317,1
21318,7
21319,2
21320,7
21321,6
21322,1
21323,1
21324,6
21325,1
21326,8
21327,4
21328,7
21329,8
21330,8
21331,3
21332,1
21333,7
21334,6
21335,6
21336,2
21337,4
21338,7
21339,7
21340,5
21341,3
21342,8
21343,5
21344,7
21345,2
21346,8
21347,7
21348,8
21349,3
21350,7
21351,6
21352,7
21353,2
21354,5
21355,7
21356,5
21357,4
21358,6
21359,3
21360,7
21361,7
21362,7
21363,8
21364,1
21365,5
21366,5
21367,5
21368,1
21369,5
21370,6
21371,4
21372,2
21373,3
21374,6
21375,1
21376,2
21377,8
21378,7
21379,1
21380,7
21381,8
21382,4
21383,2
21384,6
21385,8
21386,2
21387,8
21388,5
21389,8
21390,3
21391,8
21392,7
21393,7
21394,7
21395,7
21396,4
21397,5
21398,3
21399,8
21400,7
21401,3
21402,4
21403,1
21404,7
21405,5
21406,3
21407,2
21408,7
21409,1
21410,5
21411,3
21412,1
21413,8
21414,7
21415,8
21416,8
21417,2
21418,6
21419,2
21420,7
21421,4
21422,8
21423,7
21424,5
21425,8
21426,8
21427,4
21428,3
21429,8
21430,8
21431,6
21432,6
21433,8
21434,8
21435,8
21436,6
21437,7
21438,7
21439,6
21440,8
21441,8
21442,5
21443,8
21444,7
21445,5
21446,4
21447,1
21448,7
21449,1
21450,6
21451,4
21452,4
21453,2
21454,8
21455,8
21456,6
21457,8
21458,2
21459,8
21460,3
21461,6
21462,8
21463,6
21464,4
21465,6
21466,8
21467,4
21468,1
21469,7
21470,8
21471,6
21472,1
21473,1
21474,6
21475,8
21476,3
21477,5
21478,7
21479,8
21480,7
21481,8
21482,6
21483,7
21484,7
21485,1
21486,4
21487,5
21488,8
21489,3
21490,8
21491,8
21492,3
21493,7
21494,8
21495,5
21496,8
21497,2
21498,8
21499,5
21500,5
21501,7
21502,1
21503,2
21504,8
21505,8
21506,8
21507,8
21508,2
21509,8
21510,8
21511,8
21512,5
21513,6
21514,8
21515,4
21516,4
21517,7
21518,7
21519,4
21520,7
21521,8
21522,4
21523,5
21524,7
21525,7
21526,7
21527,6
21528,8
21529,7
21530,8
21531,8
21532,5
21533,7
21534,6
21535,8
21536,3
21537,8
21538,7
21539,4
21540,1
21541,5
21542,7
21543,7
21544,8
21545,7
21546,8
21547,6
21548,8
21549,8
21550,4
21551,3
21552,8
21553,7
21554,4
21555,8
21556,7
21557,7
21558,3
21559,7
21560,1
21561,8
21562,5
21563,8
21564,3
21565,1
21566,1
21567,8
21568,7
21569,8
21570,7
21571,6
21572,4
21573,5
21574,8
21575,4
21576,8
21577,2
21578,7
21579,5
21580,8
21581,2
21582,7
21583,5
21584,1
21585,8
21586,8
21587,4
21588,2
21589,6
21590,5
21591,8
21592,8
21593,7
21594,6
21595,7
21596,8
21597,7
21598,8
21599,5
21600,4
21601,8
21602,7
21603,8
21604,7
21605,8
21606,7
21607,3
21608,5
21609,4
21610,2
21611,7
21612,2
21613,1
21614,8
21615,5
21616,8
21617,2
21618,6
21619,8
21620,8
21621,5
21622,8
21623,3
21624,3
21625,6
21626,6
21627,3
21628,7
21629,3
21630,7
21631,5
21632,2
21633,8
21634,8
21635,2
21636,8
21637,3
21638,8
21639,6
21640,8
21641,4
21642,4
21643,8
21644,2
21645,5
21646,7
21647,5
21648,5
21649,5
21650,2
21651,7
21652,8
21653,6
21654,2
21655,8
21656,7
21657,6
21658,8
21659,3
21660,7
21661,8
21662,8
21663,7
21664,8
21665,8
21666,3
21667,8
21668,1
21669,2
21670,1
21671,4
21672,7
21673,6
21674,6
21675,8
21676,8
21677,1
21678,6
21679,6
21680,7
21681,8
21682,6
21683,3
21684,6
21685,8
21686,8
21687,3
21688,6
21689,7
21690,1
21691,7
21692,8
21693,5
21694,8
21695,7
21696,7
21697,8
21698,7
21699,8
21700,8
21701,1
21702,7
21703,8
21704,8
21705,2
21706,8
21707,1
21708,7
21709,5
21710,1
21711,3
21712,1
21713,8
21714,6
21715,4
21716,1
21717,5
21718,7
21719,6
21720,8
21721,8
21722,6
21723,4
21724,7
21725,6
21726,5
21727,5
21728,1
21729,3
21730,8
21731,8
21732,8
21733,7
21734,4
21735,8
21736,8
21737,4
21738,6
21739,8
21740,8
21741,6
21742,1
21743,8
21744,4
21745,6
21746,3
21747,4
21748,6
21749,5
21750,4
21751,5
21752,4
21753,1
21754,7
21755,2
21756,8
21757,8
21758,3
21759,8
21760,2
21761,3
21762,7
21763,6
21764,5
21765,8
21766,8
21767,6
21768,8
21769,3
21770,3
21771,4
21772,1
21773,8
21774,3
21775,7
21776,7
21777,3
21778,8
21779,5
21780,6
21781,1
21782,5
21783,8
21784,5
21785,5
21786,5
21787,1
21788,8
21789,8
21790,4
21791,3
21792,1
21793,8
21794,8
21795,4
21796,1
21797,4
21798,4
21799,5
21800,8
21801,8
21802,8
21803,4
21804,4
21805,4
21806,7
21807,1
21808,7
21809,5
21810,5
21811,8
21812,4
21813,4
21814,7
21815,8
21816,8
21817,8
21818,8
21819,7
21820,8
21821,8
21822,4
21823,8
21824,7
21825,6
21826,8
21827,7
21828,1
21829,4
21830,8
21831,8
21832,1
21833,2
21834,3
21835,3
21836,5
21837,8
21838,8
21839,8
21840,8
21841,8
21842,6
21843,8
21844,8
21845,8
21846,8
21847,7
21848,8
21849,2
21850,8
21851,7
21852,8
21853,4
21854,5
21855,7
21856,4
21857,8
21858,3
21859,4
21860,5
21861,2
21862,4
21863,7
21864,5
21865,4
21866,5
21867,6
21868,8
21869,8
21870,8
21871,6
21872,4
21873,6
21874,7
21875,5
21876,6
21877,1
21878,5
21879,5
21880,4
21881,8
21882,8
21883,5
21884,8
21885,8
21886,4
21887,4
21888,1
21889,8
21890,8
21891,8
21892,8
21893,5
21894,1
21895,3
21896,7
21897,3
21898,5
21899,5
21900,1
21901,6
21902,1
21903,8
21904,8
21905,5
21906,3
21907,1
21908,5
21909,6
21910,8
21911,3
21912,3
21913,1
21914,4
21915,6
21916,8
21917,7
21918,7
21919,7
21920,8
21921,3
21922,2
21923,7
21924,3
21925,7
21926,2
21927,8
21928,6
21929,2
21930,6
21931,8
21932,8
21933,8
21934,8
21935,8
21936,3
21937,7
21938,4
21939,6
21940,2
21941,7
21942,5
21943,3
21944,1
21945,8
21946,7
21947,7
21948,6
21949,3
21950,5
21951,2
21952,5
21953,6
21954,6
21955,8
21956,7
21957,4
21958,8
21959,6
21960,5
21961,6
21962,8
21963,6
21964,1
21965,3
21966,1
21967,8
21968,7
21969,2
21970,2
21971,8
21972,7
21973,8
21974,8
21975,3
21976,6
21977,5
21978,8
21979,7
21980,5
21981,8
21982,7
21983,1
21984,8
21985,7
21986,8
21987,7
21988,7
21989,3
21990,4
21991,8
21992,8
21993,1
21994,8
21995,2
21996,8
21997,8
21998,5
21999,8
22000,1
22001,8
22002,6
22003,7
22004,2
22005,3
22006,1
22007,6
22008,7
22009,8
22010,5
22011,5
22012,5
22013,5
22014,7
22015,2
22016,5
22017,7
22018,6
22019,5
22020,8
22021,6
22022,7
22023,1
22024,8
22025,3
22026,8
22027,1
22028,7
22029,8
22030,4
22031,3
22032,3
22033,8
22034,6
22035,8
22036,2
22037,7
22038,7
22039,4
22040,6
22041,8
22042,5
22043,8
22044,8
22045,7
22046,8
22047,1
22048,2
22049,7
22050,8
22051,7
22052,2
22053,6
22054,8
22055,6
22056,3
22057,3
22058,7
22059,7
22060,5
22061,8
22062,8
22063,5
22064,1
22065,5
22066,8
22067,7
22068,8
22069,1
22070,7
22071,4
22072,8
22073,4
22074,4
22075,5
22076,7
22077,3
22078,5
22079,8
22080,4
22081,7
22082,6
22083,4
22084,5
22085,7
22086,1
22087,8
22088,7
22089,7
22090,5
22091,7
22092,8
22093,3
22094,8
22095,3
22096,8
22097,4
22098,2
22099,7
22100,8
22101,5
22102,7
22103,8
22104,8
22105,1
22106,8
22107,6
22108,7
22109,7
22110,3
22111,5
22112,4
22113,8
22114,5
22115,8
22116,4
22117,7
22118,8
22119,8
22120,2
22121,3
22122,6
22123,3
22124,4
22125,3
22126,3
22127,7
22128,5
22129,6
22130,4
22131,8
22132,5
22133,7
22134,3
22135,6
22136,1
22137,8
22138,5
22139,7
22140,7
22141,1
22142,8
22143,7
22144,7
22145,2
22146,2
22147,6
22148,6
22149,3
22150,1
22151,8
22152,8
22153,1
22154,3
22155,7
22156,7
22157,5
22158,6
22159,6
22160,5
22161,4
22162,5
22163,8
22164,7
22165,7
22166,6
22167,8
22168,8
22169,5
22170,1
22171,8
22172,7
22173,7
22174,8
22175,8
22176,8
22177,7
22178,7
22179,8
22180,1
22181,1
22182,6
22183,8
22184,5
22185,6
22186,8
22187,2
22188,4
22189,8
22190,7
22191,8
22192,4
22193,7
22194,4
22195,8
22196,4
22197,4
22198,6
22199,4
22200,4
22201,6
22202,6
22203,7
22204,8
22205,4
22206,7
22207,8
22208,8
22209,8
22210,7
22211,4
22212,8
22213,6
22214,6
22215,7
22216,7
22217,8
22218,2
22219,4
22220,7
22221,7
22222,7
22223,6
22224,8
22225,8
22226,4
22227,4
22228,6
22229,6
22230,8
22231,8
22232,8
22233,8
22234,4
22235,4
22236,7
22237,8
22238,3
22239,7
22240,3
22241,6
22242,8
22243,5
22244,8
22245,7
22246,2
22247,4
22248,1
22249,8
22250,2
22251,5
22252,8
22253,3
22254,7
22255,2
22256,5
22257,6
22258,8
22259,1
22260,6
22261,7
22262,2
22263,5
22264,8
22265,4
22266,8
22267,3
22268,2
22269,8
22270,7
22271,7
22272,8
22273,8
22274,1
22275,2
22276,8
22277,5
22278,5
22279,8
22280,1
22281,5
22282,8
22283,4
22284,1
22285,7
22286,8
22287,7
22288,6
22289,7
22290,7
22291,8
22292,6
22293,8
22294,7
22295,3
22296,8
22297,8
22298,2
22299,8
22300,8
22301,3
22302,8
22303,6
22304,2
22305,7
22306,6
22307,8
22308,8
22309,8
22310,8
22311,5
22312,7
22313,5
22314,7
22315,8
22316,7
22317,7
22318,1
22319,7
22320,5
22321,8
22322,6
22323,6
22324,2
22325,1
22326,1
22327,1
22328,7
22329,8
22330,7
22331,4
22332,7
22333,8
22334,7
22335,5
22336,2
22337,6
22338,8
22339,5
22340,8
22341,8
22342,3
22343,6
22344,8
22345,5
22346,5
22347,1
22348,7
22349,6
22350,8
22351,6
22352,1
22353,6
22354,7
22355,8
22356,3
22357,6
22358,8
22359,2
22360,7
22361,1
22362,8
22363,7
22364,8
22365,2
22366,5
22367,7
22368,7
22369,8
22370,6
22371,8
22372,6
22373,7
22374,8
22375,1
22376,5
22377,6
22378,3
22379,7
22380,5
22381,8
22382,8
22383,8
22384,1
22385,8
22386,3
22387,2
22388,1
22389,2
22390,7
22391,5
22392,8
22393,7
22394,8
22395,6
22396,7
22397,4
22398,6
22399,8
22400,4
22401,6
22402,6
22403,8
22404,8
22405,8
22406,6
22407,3
22408,2
22409,7
22410,6
22411,8
22412,7
22413,7
22414,7
22415,7
22416,8
22417,3
22418,8
22419,6
22420,8
22421,7
22422,7
22423,4
22424,1
22425,7
22426,7
22427,7
22428,8
22429,6
22430,1
22431,5
22432,8
22433,8
22434,3
22435,6
22436,7
22437,4
22438,6
22439,8
22440,7
22441,1
22442,8
22443,3
22444,5
22445,8
22446,8
22447,4
22448,4
22449,7
22450,4
22451,7
22452,6
22453,8
22454,8
22455,5
22456,8
22457,5
22458,6
22459,8
22460,8
22461,8
22462,1
22463,8
22464,8
22465,4
22466,7
22467,4
22468,8
22469,8
22470,7
22471,4
22472,8
22473,1
22474,8
22475,4
22476,8
22477,8
22478,7
22479,5
22480,8
22481,5
22482,8
22483,7
22484,2
22485,5
22486,6
22487,8
22488,8
22489,7
22490,7
22491,8
22492,7
22493,2
22494,8
22495,2
22496,7
22497,4
22498,6
22499,8
22500,3
22501,2
22502,8
22503,8
22504,7
22505,7
22506,4
22507,5
22508,4
22509,8
22510,8
22511,7
22512,2
22513,7
22514,5
22515,6
22516,1
22517,8
22518,1
22519,6
22520,8
22521,8
22522,6
22523,8
22524,4
22525,3
22526,4
22527,7
22528,6
22529,7
22530,8
22531,6
22532,7
22533,4
22534,2
22535,7
22536,4
22537,7
22538,8
22539,7
22540,2
22541,8
22542,6
22543,8
22544,8
22545,5
22546,3
22547,4
22548,3
22549,2
22550,6
22551,3
22552,7
22553,7
22554,4
22555,8
22556,1
22557,4
22558,4
22559,4
22560,6
22561,8
22562,6
22563,3
22564,6
22565,8
22566,4
22567,7
22568,8
22569,7
22570,8
22571,4
22572,6
22573,7
22574,6
22575,7
22576,8
22577,8
22578,3
22579,1
22580,6
22581,1
22582,8
22583,8
22584,4
22585,7
22586,6
22587,7
22588,8
22589,7
22590,4
22591,7
22592,8
22593,3
22594,7
22595,4
22596,5
22597,7
22598,8
22599,7
22600,8
22601,7
22602,8
22603,5
22604,8
22605,7
22606,2
22607,6
22608,1
22609,5
22610,2
22611,3
22612,3
22613,3
22614,8
22615,6
22616,7
22617,3
22618,3
22619,8
22620,7
22621,1
22622,6
22623,1
22624,2
22625,8
22626,6
22627,8
22628,6
22629,4
22630,2
22631,8
22632,2
22633,7
22634,8
22635,6
22636,6
22637,8
22638,8
22639,4
22640,8
22641,8
22642,8
22643,6
22644,8
22645,4
22646,8
22647,7
22648,8
22649,8
22650,7
22651,5
22652,8
22653,5
22654,8
22655,1
22656,7
22657,8
22658,3
22659,8
22660,6
22661,8
22662,8
22663,8
22664,6
22665,5
22666,6
22667,8
22668,8
22669,7
22670,4
22671,7
22672,6
22673,5
22674,6
22675,6
22676,8
22677,8
22678,4
22679,6
22680,1
22681,7
22682,8
22683,4
22684,5
22685,8
22686,8
22687,8
22688,5
22689,1
22690,5
22691,7
22692,6
22693,4
22694,8
22695,7
22696,7
22697,4
22698,8
22699,2
22700,4
22701,8
22702,5
22703,8
22704,8
22705,2
22706,8
22707,5
22708,2
22709,7
22710,5
22711,7
22712,7
22713,7
22714,8
22715,8
22716,8
22717,5
22718,8
22719,2
22720,6
22721,5
22722,8
22723,2
22724,8
22725,8
22726,8
22727,7
22728,4
22729,6
22730,8
22731,3
22732,1
22733,8
22734,6
22735,5
22736,7
22737,6
22738,7
22739,4
22740,8
22741,7
22742,7
22743,8
22744,4
22745,4
22746,8
22747,7
22748,8
22749,8
22750,4
22751,8
22752,8
22753,3
22754,7
22755,8
22756,7
22757,6
22758,7
22759,8
22760,8
22761,7
22762,8
22763,3
22764,5
22765,8
22766,6
22767,8
22768,8
22769,5
22770,8
22771,7
22772,6
22773,7
22774,4
22775,4
22776,8
22777,5
22778,6
22779,8
22780,8
22781,1
22782,8
22783,7
22784,8
22785,6
22786,8
22787,4
22788,7
22789,8
22790,7
22791,7
22792,3
22793,2
22794,2
22795,5
22796,7
22797,8
22798,8
22799,8
22800,8
22801,8
22802,7
22803,5
22804,5
22805,5
22806,5
22807,3
22808,6
22809,7
22810,6
22811,6
22812,8
22813,8
22814,8
22815,7
22816,1
22817,8
22818,4
22819,5
22820,8
22821,2
22822,3
22823,8
22824,8
22825,4
22826,8
22827,3
22828,8
22829,3
22830,2
22831,5
22832,8
22833,8
22834,1
22835,7
22836,1
22837,8
22838,3
22839,8
22840,6
22841,8
22842,4
22843,7
22844,1
22845,1
22846,2
22847,6
22848,7
22849,7
22850,3
22851,7
22852,6
22853,7
22854,8
22855,8
22856,8
22857,7
22858,4
22859,1
22860,2
22861,1
22862,7
22863,8
22864,8
22865,8
22866,3
22867,7
22868,8
22869,6
22870,6
22871,4
22872,7
22873,7
22874,8
22875,5
22876,4
22877,4
22878,6
22879,8
22880,7
22881,4
22882,3
22883,4
22884,8
22885,6
22886,6
22887,7
22888,7
22889,6
22890,7
22891,3
22892,7
22893,8
22894,3
22895,7
22896,8
22897,8
22898,8
22899,7
22900,7
22901,1
22902,8
22903,8
22904,6
22905,6
22906,2
22907,7
22908,6
22909,6
22910,8
22911,1
22912,8
22913,6
22914,8
22915,8
22916,6
22917,5
22918,8
22919,8
22920,5
22921,8
22922,8
22923,1
22924,6
22925,7
22926,1
22927,7
22928,8
22929,7
22930,6
22931,5
22932,8
22933,8
22934,7
22935,8
22936,1
22937,4
22938,4
22939,4
22940,5
22941,8
22942,8
22943,8
22944,2
22945,7
22946,8
22947,7
22948,2
22949,7
22950,7
22951,6
22952,5
22953,7
22954,7
22955,8
22956,7
22957,8
22958,8
22959,7
22960,4
22961,8
22962,6
22963,8
22964,6
22965,8
22966,7
22967,7
22968,4
22969,7
22970,5
22971,8
22972,7
22973,8
22974,8
22975,7
22976,5
22977,8
22978,6
22979,1
22980,5
22981,4
22982,8
22983,8
22984,7
22985,7
22986,3
22987,8
22988,2
22989,8
22990,7
22991,3
22992,8
22993,7
22994,5
22995,7
22996,8
22997,8
22998,5
22999,7
23000,8
23001,1
23002,1
23003,8
23004,5
23005,2
23006,1
23007,8
23008,8
23009,8
23010,8
23011,4
23012,5
23013,8
23014,5
23015,6
23016,8
23017,2
23018,8
23019,2
23020,3
23021,2
23022,5
23023,4
23024,2
23025,3
23026,8
23027,7
23028,2
23029,8
23030,7
23031,4
23032,8
23033,7
23034,4
23035,8
23036,2
23037,5
23038,8
23039,4
23040,8
23041,7
23042,4
23043,8
23044,7
23045,5
23046,6
23047,4
23048,4
23049,7
23050,2
23051,4
23052,7
23053,1
23054,7
23055,1
23056,3
23057,8
23058,6
23059,4
23060,8
23061,4
23062,5
23063,5
23064,7
23065,7
23066,5
23067,7
23068,8
23069,5
23070,8
23071,5
23072,7
23073,5
23074,4
23075,7
23076,7
23077,3
23078,7
23079,4
23080,6
23081,8
23082,6
23083,6
23084,2
23085,8
23086,8
23087,5
23088,4
23089,8
23090,8
23091,2
23092,8
23093,4
23094,6
23095,6
23096,8
23097,8
23098,1
23099,6
23100,4
23101,7
23102,4
23103,3
23104,8
23105,4
23106,8
23107,8
23108,7
23109,4
23110,4
23111,3
23112,8
23113,7
23114,3
23115,8
23116,8
23117,8
23118,2
23119,7
23120,8
23121,7
23122,8
23123,5
23124,3
23125,8
23126,3
23127,8
23128,6
23129,5
23130,8
23131,5
23132,8
23133,1
23134,2
23135,1
23136,8
23137,8
23138,3
23139,8
23140,7
23141,8
23142,5
23143,7
23144,6
23145,8
23146,4
23147,6
23148,2
23149,4
23150,7
23151,7
23152,7
23153,3
23154,3
23155,4
23156,8
23157,7
23158,8
23159,8
23160,8
23161,6
23162,2
23163,8
23164,5
23165,5
23166,4
23167,8
23168,1
23169,6
23170,1
23171,8
23172,6
23173,1
23174,2
23175,8
23176,8
23177,7
23178,6
23179,8
23180,8
23181,7
23182,2
23183,3
23184,5
23185,8
23186,8
23187,4
23188,8
23189,8
23190,4
23191,1
23192,8
23193,6
23194,7
23195,5
23196,4
23197,8
23198,7
23199,7
23200,3
23201,7
23202,7
23203,8
23204,7
23205,4
23206,8
23207,4
23208,8
23209,8
23210,8
23211,8
23212,5
23213,1
23214,2
23215,1
23216,7
23217,1
23218,2
23219,5
23220,8
23221,8
23222,3
23223,8
23224,4
23225,6
23226,3
23227,3
23228,2
23229,3
23230,6
23231,8
23232,6
23233,8
23234,8
23235,7
23236,2
23237,8
23238,3
23239,7
23240,7
23241,5
23242,8
23243,7
23244,4
23245,8
23246,8
23247,7
23248,7
23249,8
23250,5
23251,8
23252,4
23253,8
23254,5
23255,6
23256,7
23257,1
23258,7
23259,3
23260,8
23261,6
23262,7
23263,6
23264,8
23265,5
23266,1
23267,7
23268,8
23269,6
23270,8
23271,5
23272,8
23273,8
23274,8
23275,8
23276,8
23277,8
23278,8
23279,8
23280,6
23281,4
23282,8
23283,3
23284,7
23285,5
23286,1
23287,7
23288,5
23289,3
23290,6
23291,8
23292,8
23293,6
23294,4
23295,7
23296,1
23297,8
23298,7
23299,6
23300,8
23301,2
23302,5
23303,8
23304,8
23305,8
23306,7
23307,8
23308,5
23309,7
23310,4
23311,4
23312,1
23313,8
23314,5
23315,6
23316,4
23317,7
23318,6
23319,8
23320,8
23321,8
23322,3
23323,8
23324,4
23325,3
23326,7
23327,8
23328,4
23329,8
23330,7
23331,7
23332,2
23333,3
23334,6
23335,4
23336,7
23337,3
23338,8
23339,8
23340,4
23341,8
23342,4
23343,3
23344,5
23345,7
23346,1
23347,8
23348,2
23349,8
23350,5
23351,7
23352,7
23353,2
23354,8
23355,5
23356,8
23357,8
23358,4
23359,5
23360,5
23361,2
23362,8
23363,5
23364,5
23365,8
23366,6
23367,3
23368,8
23369,6
23370,6
23371,8
23372,7
23373,5
23374,2
23375,5
23376,7
23377,8
23378,8
23379,4
23380,8
23381,8
23382,8
23383,4
23384,8
23385,8
23386,7
23387,3
23388,4
23389,8
23390,6
23391,8
23392,1
23393,8
23394,5
23395,4
23396,8
23397,8
23398,1
23399,1
23400,5
23401,7
23402,2
23403,6
23404,8
23405,1
23406,2
23407,6
23408,8
23409,1
23410,4
23411,8
23412,8
23413,3
23414,7
23415,8
23416,3
23417,6
23418,2
23419,8
23420,6
23421,8
23422,8
23423,5
23424,8
23425,8
23426,7
23427,8
23428,2
23429,3
23430,7
23431,6
23432,4
23433,3
23434,8
23435,5
23436,4
23437,1
23438,8
23439,8
23440,5
23441,5
23442,4
23443,6
23444,5
23445,8
23446,8
23447,8
23448,5
23449,8
23450,7
23451,8
23452,8
23453,6
23454,6
23455,3
23456,1
23457,7
23458,7
23459,4
23460,4
23461,5
23462,4
23463,5
23464,6
23465,3
23466,1
23467,4
23468,2
23469,5
23470,8
23471,4
23472,5
23473,4
23474,2
23475,3
23476,7
23477,2
23478,8
23479,8
23480,8
23481,4
23482,7
23483,4
23484,7
23485,8
23486,3
23487,8
23488,6
23489,1
23490,8
23491,8
23492,2
23493,5
23494,8
23495,3
23496,2
23497,7
23498,1
23499,7
23500,5
23501,7
23502,5
23503,4
23504,8
23505,1
23506,3
23507,8
23508,4
23509,7
23510,7
23511,3
23512,2
23513,2
23514,8
23515,6
23516,3
23517,1
23518,6
23519,8
23520,8
23521,8
23522,8
23523,6
23524,1
23525,5
23526,1
23527,2
23528,7
23529,8
23530,8
23531,8
23532,5
23533,8
23534,8
23535,2
23536,6
23537,4
23538,5
23539,8
23540,5
23541,4
23542,6
23543,8
23544,7
23545,4
23546,2
23547,6
23548,6
23549,5
23550,8
23551,7
23552,4
23553,4
23554,6
23555,8
23556,4
23557,6
23558,3
23559,3
23560,2
23561,3
23562,6
23563,3
23564,8
23565,1
23566,6
23567,7
23568,3
23569,3
23570,8
23571,3
23572,3
23573,8
23574,7
23575,7
23576,7
23577,4
23578,2
23579,1
23580,1
23581,7
23582,5
23583,8
23584,2
23585,5
23586,5
23587,3
23588,7
23589,2
23590,7
23591,8
23592,7
23593,8
23594,6
23595,7
23596,3
23597,5
23598,7
23599,8
23600,8
23601,1
23602,7
23603,8
23604,6
23605,5
23606,7
23607,5
23608,6
23609,8
23610,6
23611,4
23612,8
23613,6
23614,8
23615,3
23616,7
23617,6
23618,1
23619,1
23620,6
23621,3
23622,4
23623,4
23624,8
23625,2
23626,8
23627,7
23628,8
23629,6
23630,6
23631,7
23632,5
23633,8
23634,1
23635,6
23636,2
23637,8
23638,4
23639,8
23640,6
23641,8
23642,1
23643,3
23644,8
23645,2
23646,5
23647,4
23648,5
23649,8
23650,7
23651,2
23652,1
23653,1
23654,7
23655,7
23656,2
23657,5
23658,8
23659,7
23660,8
23661,8
23662,8
23663,6
23664,4
23665,4
23666,7
23667,4
23668,8
23669,1
23670,1
23671,5
23672,3
23673,6
23674,2
23675,4
23676,8
23677,7
23678,5
23679,7
23680,4
23681,5
23682,8
23683,4
23684,5
23685,4
23686,6
23687,8
23688,7
23689,7
23690,6
23691,7
23692,6
23693,5
23694,7
23695,4
23696,8
23697,3
23698,6
23699,7
23700,8
23701,8
23702,4
23703,7
23704,6
23705,4
23706,4
23707,4
23708,7
23709,7
23710,7
23711,3
23712,8
23713,1
23714,1
23715,4
23716,7
23717,7
23718,5
23719,7
23720,3
23721,3
23722,6
23723,8
23724,8
23725,6
23726,4
23727,1
23728,7
23729,6
23730,1
23731,7
23732,8
23733,6
23734,5
23735,8
23736,8
23737,8
23738,8
23739,7
23740,3
23741,4
23742,8
23743,8
23744,2
23745,5
23746,8
23747,8
23748,4
23749,3
23750,6
23751,8
23752,5
23753,5
23754,8
23755,8
23756,4
23757,8
23758,8
23759,8
23760,5
23761,8
23762,8
23763,3
23764,6
23765,8
23766,1
23767,3
23768,8
23769,2
23770,8
23771,6
23772,8
23773,1
23774,8
23775,7
23776,3
23777,2
23778,8
23779,7
23780,8
23781,4
23782,7
23783,1
23784,6
23785,7
23786,8
23787,4
23788,8
23789,7
23790,7
23791,8
23792,4
23793,7
23794,5
23795,6
23796,7
23797,6
23798,5
23799,2
23800,3
23801,2
23802,7
23803,3
23804,3
23805,2
23806,8
23807,8
23808,8
23809,8
23810,7
23811,8
23812,6
23813,8
23814,8
23815,7
23816,8
23817,6
23818,8
23819,4
23820,8
23821,8
23822,1
23823,8
23824,7
23825,7
23826,8
23827,3
23828,8
23829,1
23830,7
23831,4
23832,8
23833,8
23834,8
23835,3
23836,1
23837,4
23838,7
23839,1
23840,7
23841,1
23842,1
23843,6
23844,2
23845,8
23846,8
23847,2
23848,2
23849,4
23850,6
23851,8
23852,8
23853,8
23854,8
23855,8
23856,8
23857,7
23858,5
23859,6
23860,7
23861,8
23862,1
23863,6
23864,4
23865,8
23866,8
23867,7
23868,1
23869,8
23870,8
23871,6
23872,4
23873,2
23874,5
23875,6
23876,5
23877,2
23878,8
23879,7
23880,8
23881,7
23882,3
23883,7
23884,6
23885,1
23886,5
23887,5
23888,7
23889,4
23890,5
23891,1
23892,7
23893,2
23894,8
23895,7
23896,7
23897,4
23898,8
23899,8
23900,8
23901,8
23902,5
23903,2
23904,8
23905,8
23906,5
23907,5
23908,1
23909,2
23910,8
23911,6
23912,8
23913,6
23914,5
23915,5
23916,2
23917,1
23918,8
23919,7
23920,8
23921,2
23922,8
23923,1
23924,8
23925,7
23926,3
23927,8
23928,5
23929,8
23930,8
23931,3
23932,2
23933,2
23934,8
23935,8
23936,6
23937,7
23938,6
23939,7
23940,7
23941,8
23942,2
23943,5
23944,7
23945,8
23946,5
23947,8
23948,7
23949,3
23950,5
23951,8
23952,8
23953,8
23954,6
23955,8
23956,4
23957,7
23958,1
23959,5
23960,7
23961,8
23962,8
23963,8
23964,5
23965,2
23966,1
23967,8
23968,6
23969,4
23970,6
23971,7
23972,4
23973,3
23974,1
23975,7
23976,6
23977,8
23978,6
23979,8
23980,4
23981,4
23982,8
23983,6
23984,7
23985,5
23986,2
23987,6
23988,8
23989,5
23990,8
23991,7
23992,7
23993,7
23994,6
23995,4
23996,2
23997,8
23998,8
23999,7
24000,7
24001,7
24002,3
24003,6
24004,1
24005,6
24006,7
24007,8
24008,8
24009,3
24010,7
24011,3
24012,8
24013,6
24014,8
24015,8
24016,7
24017,1
24018,8
24019,5
24020,2
24021,8
24022,5
24023,4
24024,5
24025,7
24026,8
24027,6
24028,6
24029,7
24030,8
24031,7
24032,8
24033,2
24034,4
24035,8
24036,4
24037,4
24038,7
24039,8
24040,2
24041,4
24042,6
24043,5
24044,7
24045,8
24046,6
24047,8
24048,4
24049,5
24050,8
24051,2
24052,8
24053,8
24054,8
24055,7
24056,3
24057,7
24058,8
24059,7
24060,8
24061,7
24062,4
24063,4
24064,8
24065,8
24066,8
24067,8
24068,7
24069,5
24070,7
24071,6
24072,8
24073,8
24074,7
24075,6
24076,4
24077,3
24078,5
24079,6
24080,7
24081,4
24082,4
24083,8
24084,5
24085,2
24086,4
24087,8
24088,6
24089,8
24090,3
24091,3
24092,8
24093,1
24094,6
24095,3
24096,6
24097,5
24098,8
24099,5
24100,6
24101,1
24102,4
24103,2
24104,3
24105,8
24106,5
24107,5
24108,6
24109,3
24110,8
24111,7
24112,8
24113,6
24114,6
24115,8
24116,7
24117,8
24118,5
24119,1
24120,1
24121,5
24122,4
24123,7
24124,3
24125,3
24126,8
24127,3
24128,8
24129,2
24130,6
24131,4
24132,8
24133,8
24134,6
24135,4
24136,1
24137,5
24138,8
24139,8
24140,8
24141,4
24142,8
24143,1
24144,5
24145,3
24146,2
24147,8
24148,5
24149,7
24150,8
24151,8
24152,5
24153,8
24154,4
24155,4
24156,7
24157,5
24158,5
24159,4
24160,2
24161,8
24162,4
24163,5
24164,7
24165,1
24166,1
24167,8
24168,6
24169,5
24170,4
24171,7
24172,4
24173,4
24174,3
24175,2
24176,8
24177,4
24178,5
24179,4
24180,4
24181,6
24182,8
24183,8
24184,7
24185,7
24186,7
24187,7
24188,6
24189,6
24190,4
24191,6
24192,4
24193,8
24194,1
24195,8
24196,7
24197,8
24198,8
24199,5
24200,8
24201,5
24202,7
24203,7
24204,4
24205,7
24206,2
24207,5
24208,8
24209,7
24210,7
24211,1
24212,4
24213,3
24214,3
24215,8
24216,6
24217,3
24218,8
24219,3
24220,8
24221,7
24222,8
24223,8
24224,7
24225,6
24226,3
24227,1
24228,3
24229,1
24230,5
24231,8
24232,8
24233,8
24234,3
24235,7
24236,8
24237,7
24238,3
24239,8
24240,1
24241,8
24242,6
24243,6
24244,6
24245,1
24246,8
24247,8
24248,5
24249,5
24250,5
24251,8
24252,8
24253,3
24254,7
24255,8
24256,4
24257,8
24258,8
24259,8
24260,8
24261,8
24262,3
24263,7
24264,8
24265,6
24266,1
24267,7
24268,7
24269,8
24270,7
24271,5
24272,8
24273,8
24274,4
24275,7
24276,8
24277,5
24278,8
24279,8
24280,1
24281,7
24282,7
24283,7
24284,7
24285,8
24286,1
24287,6
24288,5
24289,1
24290,6
24291,8
24292,7
24293,8
24294,8
24295,8
24296,2
24297,5
24298,1
24299,7
24300,6
24301,7
24302,8
24303,8
24304,8
24305,8
24306,2
24307,8
24308,8
24309,8
24310,8
24311,1
24312,8
24313,8
24314,4
24315,8
24316,6
24317,8
24318,7
24319,5
24320,5
24321,3
24322,5
24323,8
24324,8
24325,1
24326,4
24327,5
24328,8
24329,2
24330,5
24331,8
24332,7
24333,6
24334,5
24335,1
24336,8
24337,7
24338,7
24339,8
24340,7
24341,6
24342,5
24343,7
24344,5
24345,8
24346,7
24347,6
24348,5
24349,6
24350,8
24351,8
24352,8
24353,7
24354,8
24355,1
24356,4
24357,3
24358,8
24359,4
24360,8
24361,7
24362,7
24363,1
24364,2
24365,8
24366,7
24367,7
24368,8
24369,4
24370,2
24371,6
24372,4
24373,3
24374,4
24375,2
24376,4
24377,6
24378,7
24379,1
24380,6
24381,7
24382,4
24383,8
24384,6
24385,4
24386,2
24387,4
24388,8
24389,1
24390,6
24391,5
24392,8
24393,5
24394,7
24395,8
24396,3
24397,5
24398,8
24399,8
24400,4
24401,6
24402,3
24403,4
24404,5
24405,8
24406,5
24407,7
24408,4
24409,8
24410,7
24411,8
24412,7
24413,5
24414,8
24415,7
24416,5
24417,8
24418,1
24419,4
24420,8
24421,4
24422,7
24423,3
24424,8
24425,8
24426,8
24427,8
24428,6
24429,8
24430,8
24431,8
24432,8
24433,7
24434,7
24435,6
24436,4
24437,5
24438,2
24439,7
24440,6
24441,5
24442,7
24443,8
24444,8
24445,3
24446,4
24447,4
24448,8
24449,8
24450,1
24451,7
24452,5
24453,1
24454,5
24455,4
24456,4
24457,6
24458,7
24459,7
24460,8
24461,8
24462,4
24463,4
24464,8
24465,6
24466,2
24467,7
24468,2
24469,7
24470,7
24471,7
24472,8
24473,6
24474,7
24475,8
24476,3
24477,8
24478,8
24479,6
24480,3
24481,3
24482,8
24483,2
24484,4
24485,2
24486,8
24487,4
24488,1
24489,1
24490,5
24491,8
24492,4
24493,8
24494,7
24495,8
24496,1
24497,5
24498,4
24499,7
24500,8
24501,8
24502,8
24503,8
24504,3
24505,8
24506,7
24507,8
24508,6
24509,8
24510,7
24511,8
24512,1
24513,2
24514,7
24515,6
24516,8
24517,4
24518,7
24519,6
24520,6
24521,3
24522,7
24523,4
24524,5
24525,7
24526,5
24527,5
24528,6
24529,1
24530,1
24531,8
24532,8
24533,6
24534,7
24535,7
24536,3
24537,5
24538,7
24539,7
24540,2
24541,7
24542,8
24543,8
24544,8
24545,6
24546,4
24547,7
24548,2
24549,6
24550,2
24551,7
24552,6
24553,1
24554,8
24555,7
24556,8
24557,3
24558,8
24559,7
24560,8
24561,5
24562,5
24563,8
24564,8
24565,5
24566,6
24567,7
24568,8
24569,7
24570,8
24571,3
24572,2
24573,6
24574,8
24575,7
24576,7
24577,5
24578,7
24579,2
24580,6
24581,2
24582,3
24583,6
24584,4
24585,7
24586,8
24587,6
24588,8
24589,7
24590,8
24591,8
24592,2
24593,7
24594,4
24595,7
24596,7
24597,8
24598,8
24599,4
24600,6
24601,2
24602,7
24603,8
24604,3
24605,7
24606,8
24607,8
24608,8
24609,7
24610,8
24611,4
24612,6
24613,4
24614,7
24615,8
24616,1
24617,6
24618,6
24619,4
24620,4
24621,2
24622,7
24623,4
24624,2
24625,4
24626,4
24627,3
24628,4
24629,7
24630,3
24631,3
24632,2
24633,1
24634,6
24635,7
24636,5
24637,8
24638,7
24639,8
24640,1
24641,1
24642,3
24643,1
24644,7
24645,7
24646,6
24647,5
24648,7
24649,8
24650,4
24651,8
24652,3
24653,7
24654,8
24655,6
24656,7
24657,1
24658,6
24659,7
24660,3
24661,5
24662,7
24663,8
24664,8
24665,6
24666,7
24667,3
24668,1
24669,8
24670,3
24671,7
24672,4
24673,4
24674,7
24675,8
24676,7
24677,8
24678,7
24679,2
24680,7
24681,4
24682,7
24683,7
24684,4
24685,8
24686,8
24687,1
24688,8
24689,8
24690,8
24691,4
24692,7
24693,5
24694,4
24695,2
24696,7
24697,2
24698,7
24699,4
24700,7
24701,8
24702,1
24703,8
24704,2
24705,8
24706,8
24707,1
24708,7
24709,4
24710,7
24711,8
24712,8
24713,2
24714,8
24715,5
24716,7
24717,8
24718,8
24719,4
24720,7
24721,3
24722,4
24723,1
24724,4
24725,7
24726,6
24727,8
24728,8
24729,8
24730,7
24731,8
24732,5
24733,6
24734,2
24735,8
24736,8
24737,8
24738,8
24739,8
24740,7
24741,3
24742,8
24743,6
24744,8
24745,7
24746,7
24747,1
24748,8
24749,6
24750,1
24751,8
24752,7
24753,8
24754,4
24755,8
24756,6
24757,2
24758,4
24759,1
24760,4
24761,8
24762,7
24763,8
24764,6
24765,5
24766,7
24767,8
24768,7
24769,8
24770,7
24771,8
24772,3
24773,5
24774,4
24775,6
24776,8
24777,8
24778,8
24779,7
24780,8
24781,7
24782,8
24783,2
24784,1
24785,6
24786,1
24787,8
24788,5
24789,4
24790,3
24791,8
24792,2
24793,2
24794,2
24795,8
24796,7
24797,4
24798,2
24799,8
24800,4
24801,8
24802,5
24803,3
24804,8
24805,8
24806,7
24807,8
24808,7
24809,5
24810,3
24811,5
24812,2
24813,4
24814,7
24815,5
24816,1
24817,8
24818,8
24819,6
24820,7
24821,1
24822,2
24823,7
24824,4
24825,5
24826,2
24827,4
24828,8
24829,8
24830,1
24831,1
24832,4
24833,8
24834,3
24835,6
24836,2
24837,8
24838,8
24839,4
24840,5
24841,3
24842,6
24843,6
24844,8
24845,1
24846,8
24847,8
24848,7
24849,7
24850,7
24851,8
24852,5
24853,5
24854,7
24855,5
24856,6
24857,5
24858,6
24859,7
24860,2
24861,4
24862,6
24863,7
24864,5
24865,7
24866,5
24867,8
24868,4
24869,8
24870,4
24871,6
24872,1
24873,4
24874,7
24875,4
24876,8
24877,5
24878,8
24879,6
24880,8
24881,7
24882,8
24883,1
24884,8
24885,1
24886,4
24887,7
24888,7
24889,3
24890,8
24891,5
24892,3
24893,4
24894,6
24895,8
24896,4
24897,8
24898,6
24899,7
24900,4
24901,3
24902,3
24903,8
24904,4
24905,6
24906,8
24907,1
24908,6
24909,7
24910,5
24911,8
24912,2
24913,5
24914,7
24915,6
24916,8
24917,8
24918,7
24919,4
24920,7
24921,7
24922,5
24923,8
24924,1
24925,8
24926,5
24927,8
24928,3
24929,7
24930,3
24931,8
24932,2
24933,3
24934,7
24935,3
24936,5
24937,1
24938,7
24939,5
24940,8
24941,4
24942,6
24943,6
24944,6
24945,7
24946,6
24947,6
24948,8
24949,5
24950,8
24951,2
24952,5
24953,1
24954,5
24955,8
24956,7
24957,7
24958,1
24959,8
24960,8
24961,4
24962,4
24963,6
24964,8
24965,8
24966,8
24967,3
24968,2
24969,8
24970,7
24971,5
24972,5
24973,2
24974,7
24975,7
24976,8
24977,2
24978,7
24979,8
24980,4
24981,2
24982,4
24983,1
24984,7
24985,3
24986,2
24987,5
24988,2
24989,4
24990,7
24991,6
24992,3
24993,5
24994,7
24995,1
24996,7
24997,5
24998,8
24999,1
25000,7
25001,6
25002,8
25003,8
25004,8
25005,8
25006,4
25007,4
25008,3
25009,3
25010,4
25011,8
25012,2
25013,5
25014,6
25015,7
25016,7
25017,8
25018,8
25019,8
25020,8
25021,8
25022,8
25023,7
25024,4
25025,7
25026,5
25027,7
25028,4
25029,5
25030,2
25031,8
25032,8
25033,4
25034,3
25035,3
25036,4
25037,8
25038,5
25039,7
25040,8
25041,1
25042,7
25043,3
25044,8
25045,8
25046,1
25047,8
25048,7
25049,5
25050,7
25051,4
25052,8
25053,8
25054,8
25055,3
25056,4
25057,7
25058,4
25059,6
25060,6
25061,1
25062,8
25063,7
25064,5
25065,2
25066,1
25067,8
25068,6
25069,4
25070,7
25071,3
25072,1
25073,5
25074,1
25075,8
25076,5
25077,1
25078,1
25079,8
25080,3
25081,7
25082,1
25083,4
25084,8
25085,8
25086,5
25087,2
25088,6
25089,7
25090,7
25091,7
25092,6
25093,8
25094,8
25095,2
25096,6
25097,3
25098,1
25099,7
25100,7
25101,6
25102,8
25103,7
25104,6
25105,2
25106,4
25107,7
25108,8
25109,4
25110,6
25111,2
25112,3
25113,8
25114,3
25115,2
25116,8
25117,8
25118,5
25119,7
25120,8
25121,5
25122,8
25123,8
25124,2
25125,6
25126,3
25127,7
25128,8
25129,6
25130,4
25131,4
25132,8
25133,7
25134,6
25135,8
25136,1
25137,3
25138,8
25139,6
25140,2
25141,6
25142,5
25143,2
25144,4
25145,7
25146,8
25147,6
25148,4
25149,3
25150,3
25151,6
25152,4
25153,5
25154,8
25155,6
25156,5
25157,5
25158,1
25159,7
25160,6
25161,5
25162,8
25163,8
25164,2
25165,8
25166,7
25167,4
25168,2
25169,4
25170,4
25171,8
25172,6
25173,3
25174,5
25175,1
25176,5
25177,7
25178,8
25179,3
25180,5
25181,4
25182,6
25183,7
25184,5
25185,1
25186,5
25187,5
25188,7
25189,6
25190,2
25191,8
25192,8
25193,7
25194,3
25195,7
25196,2
25197,3
25198,8
25199,3
25200,5
25201,4
25202,7
25203,6
25204,8
25205,8
25206,4
25207,3
25208,3
25209,3
25210,7
25211,5
25212,8
25213,7
25214,5
25215,1
25216,8
25217,7
25218,5
25219,6
25220,1
25221,3
25222,7
25223,5
25224,4
25225,2
25226,7
25227,8
25228,8
25229,8
25230,7
25231,6
25232,4
25233,8
25234,1
25235,6
25236,7
25237,3
25238,8
25239,6
25240,8
25241,7
25242,7
25243,4
25244,7
25245,8
25246,6
25247,8
25248,6
25249,3
25250,7
25251,2
25252,4
25253,6
25254,5
25255,5
25256,6
25257,4
25258,2
25259,7
25260,4
25261,5
25262,5
25263,3
25264,3
25265,5
25266,8
25267,1
25268,8
25269,2
25270,8
25271,1
25272,3
25273,6
25274,8
25275,8
25276,6
25277,5
25278,8
25279,7
25280,1
25281,1
25282,8
25283,8
25284,5
25285,6
25286,7
25287,4
25288,7
25289,6
25290,6
25291,7
25292,8
25293,7
25294,7
25295,4
25296,5
25297,8
25298,7
25299,4
25300,8
25301,7
25302,5
25303,4
25304,8
25305,8
25306,7
25307,5
25308,5
25309,7
25310,7
25311,8
25312,2
25313,5
25314,8
25315,2
25316,8
25317,7
25318,8
25319,4
25320,7
25321,8
25322,8
25323,8
25324,8
25325,8
25326,7
25327,8
25328,6
25329,6
25330,7
25331,6
25332,8
25333,8
25334,7
25335,8
25336,3
25337,3
25338,8
25339,8
25340,1
25341,4
25342,1
25343,6
25344,4
25345,7
25346,8
25347,8
25348,8
25349,7
25350,8
25351,8
25352,8
25353,6
25354,2
25355,8
25356,4
25357,6
25358,8
25359,8
25360,8
25361,6
25362,3
25363,3
25364,6
25365,6
25366,5
25367,8
25368,1
25369,7
25370,4
25371,8
25372,4
25373,7
25374,6
25375,6
25376,8
25377,3
25378,8
25379,4
25380,7
25381,3
25382,1
25383,7
25384,4
25385,3
25386,3
25387,6
25388,4
25389,8
25390,6
25391,2
25392,8
25393,3
25394,7
25395,8
25396,5
25397,1
25398,8
25399,2
25400,6
25401,8
25402,7
25403,4
25404,7
25405,8
25406,3
25407,6
25408,6
25409,7
25410,8
25411,4
25412,8
25413,6
25414,1
25415,7
25416,7
25417,7
25418,7
25419,6
25420,5
25421,6
25422,7
25423,8
25424,2
25425,8
25426,4
25427,8
25428,2
25429,8
25430,3
25431,8
25432,7
25433,7
25434,3
25435,2
25436,8
25437,1
25438,5
25439,8
25440,8
25441,1
25442,8
25443,4
25444,7
25445,1
25446,8
25447,8
25448,6
25449,6
25450,7
25451,1
25452,1
25453,8
25454,4
25455,8
25456,7
25457,7
25458,7
25459,6
25460,8
25461,8
25462,8
25463,7
25464,8
25465,4
25466,7
25467,1
25468,8
25469,8
25470,8
25471,2
25472,8
25473,8
25474,7
25475,7
25476,4
25477,2
25478,3
25479,7
25480,2
25481,7
25482,8
25483,8
25484,3
25485,3
25486,5
25487,8
25488,4
25489,7
25490,5
25491,4
25492,4
25493,8
25494,5
25495,6
25496,5
25497,6
25498,8
25499,2
25500,8
25501,8
25502,5
25503,7
25504,4
25505,8
25506,8
25507,8
25508,2
25509,4
25510,8
25511,5
25512,7
25513,4
25514,4
25515,5
25516,4
25517,7
25518,8
25519,1
25520,8
25521,7
25522,6
25523,6
25524,5
25525,4
25526,8
25527,7
25528,1
25529,7
25530,2
25531,4
25532,7
25533,3
25534,1
25535,8
25536,8
25537,3
25538,6
25539,8
25540,5
25541,7
25542,5
25543,5
25544,2
25545,8
25546,1
25547,7
25548,7
25549,8
25550,5
25551,8
25552,8
25553,8
25554,7
25555,5
25556,6
25557,8
25558,3
25559,8
25560,8
25561,2
25562,8
25563,6
25564,7
25565,8
25566,5
25567,7
25568,3
25569,8
25570,6
25571,6
25572,8
25573,8
25574,2
25575,8
25576,7
25577,5
25578,8
25579,8
25580,6
25581,6
25582,5
25583,7
25584,7
25585,1
25586,2
25587,7
25588,5
25589,7
25590,4
25591,1
25592,3
25593,4
25594,2
25595,7
25596,2
25597,7
25598,6
25599,5
25600,8
25601,4
25602,8
25603,8
25604,1
25605,6
25606,8
25607,8
25608,7
25609,8
25610,2
25611,7
25612,1
25613,3
25614,4
25615,8
25616,2
25617,8
25618,8
25619,8
25620,8
25621,7
25622,8
25623,3
25624,7
25625,8
25626,8
25627,2
25628,8
25629,8
25630,1
25631,2
25632,8
25633,3
25634,8
25635,7
25636,2
25637,7
25638,7
25639,6
25640,8
25641,4
25642,5
25643,5
25644,8
25645,4
25646,5
25647,7
25648,5
25649,4
25650,8
25651,7
25652,8
25653,7
25654,7
25655,8
25656,8
25657,1
25658,8
25659,8
25660,8
25661,8
25662,5
25663,7
25664,4
25665,3
25666,3
25667,3
25668,8
25669,6
25670,8
25671,8
25672,5
25673,7
25674,7
25675,1
25676,7
25677,8
25678,6
25679,7
25680,7
25681,1
25682,7
25683,7
25684,6
25685,5
25686,8
25687,8
25688,8
25689,5
25690,8
25691,1
25692,8
25693,8
25694,6
25695,8
25696,8
25697,3
25698,8
25699,6
25700,2
25701,7
25702,3
25703,8
25704,6
25705,4
25706,4
25707,5
25708,8
25709,6
25710,6
25711,8
25712,3
25713,5
25714,5
25715,8
25716,2
25717,6
25718,4
25719,5
25720,6
25721,8
25722,7
25723,6
25724,3
25725,5
25726,7
25727,2
25728,8
25729,4
25730,8
25731,7
25732,8
25733,7
25734,6
25735,8
25736,6
25737,6
25738,6
25739,6
25740,6
25741,8
25742,2
25743,8
25744,7
25745,8
25746,5
25747,2
25748,2
25749,7
25750,8
25751,7
25752,5
25753,6
25754,1
25755,3
25756,5
25757,4
25758,5
25759,5
25760,2
25761,8
25762,7
25763,4
25764,8
25765,4
25766,8
25767,7
25768,8
25769,1
25770,8
25771,4
25772,7
25773,7
25774,5
25775,4
25776,5
25777,7
25778,8
25779,1
25780,6
25781,7
25782,6
25783,8
25784,8
25785,7
25786,7
25787,7
25788,3
25789,4
25790,7
25791,4
25792,2
25793,2
25794,4
25795,8
25796,8
25797,2
25798,4
25799,6
25800,4
25801,8
25802,6
25803,8
25804,6
25805,8
25806,7
25807,5
25808,6
25809,8
25810,3
25811,5
25812,8
25813,5
25814,4
25815,4
25816,8
25817,7
25818,2
25819,8
25820,2
25821,6
25822,5
25823,4
25824,8
25825,7
25826,5
25827,6
25828,8
25829,7
25830,7
25831,7
25832,4
25833,2
25834,1
25835,8
25836,7
25837,7
25838,3
25839,7
25840,8
25841,8
25842,6
25843,8
25844,4
25845,1
25846,4
25847,8
25848,6
25849,8
25850,1
25851,6
25852,5
25853,7
25854,6
25855,3
25856,8
25857,3
25858,7
25859,7
25860,8
25861,8
25862,8
25863,8
25864,5
25865,8
25866,2
25867,5
25868,8
25869,3
25870,2
25871,1
25872,5
25873,8
25874,3
25875,7
25876,5
25877,5
25878,6
25879,4
25880,8
25881,2
25882,3
25883,1
25884,4
25885,8
25886,4
25887,7
25888,3
25889,2
25890,4
25891,2
25892,8
25893,8
25894,3
25895,4
25896,8
25897,5
25898,5
25899,2
25900,8
25901,4
25902,5
25903,7
25904,7
25905,8
25906,7
25907,1
25908,8
25909,4
25910,4
25911,8
25912,2
25913,7
25914,3
25915,2
25916,1
25917,4
25918,7
25919,6
25920,7
25921,4
25922,7
25923,2
25924,2
25925,8
25926,6
25927,3
25928,3
25929,7
25930,8
25931,8
25932,6
25933,8
25934,7
25935,3
25936,8
25937,8
25938,6
25939,7
25940,7
25941,8
25942,8
25943,5
25944,7
25945,8
25946,1
25947,8
25948,7
25949,8
25950,8
25951,7
25952,6
25953,7
25954,1
25955,8
25956,6
25957,8
25958,2
25959,2
25960,4
25961,8
25962,7
25963,6
25964,1
25965,7
25966,4
25967,5
25968,8
25969,8
25970,8
25971,5
25972,8
25973,5
25974,8
25975,8
25976,5
25977,3
25978,4
25979,4
25980,6
25981,8
25982,4
25983,4
25984,7
25985,7
25986,8
25987,8
25988,7
25989,8
25990,2
25991,8
25992,8
25993,4
25994,8
25995,4
25996,8
25997,1
25998,8
25999,8
26000,6
26001,8
26002,8
26003,7
26004,7
26005,2
26006,8
26007,8
26008,4
26009,7
26010,5
26011,4
26012,8
26013,8
26014,7
26015,7
26016,6
26017,4
26018,7
26019,7
26020,3
26021,6
26022,4
26023,8
26024,7
26025,6
26026,6
26027,5
26028,8
26029,1
26030,2
26031,8
26032,3
26033,8
26034,8
26035,8
26036,5
26037,3
26038,7
26039,4
26040,7
26041,4
26042,6
26043,1
26044,2
26045,3
26046,5
26047,6
26048,6
26049,5
26050,5
26051,1
26052,6
26053,7
26054,8
26055,5
26056,8
26057,7
26058,4
26059,1
26060,4
26061,7
26062,1
26063,6
26064,1
26065,6
26066,1
26067,7
26068,5
26069,4
26070,4
26071,1
26072,1
26073,8
26074,6
26075,7
26076,3
26077,4
26078,7
26079,6
26080,6
26081,8
26082,6
26083,8
26084,2
26085,8
26086,7
26087,8
26088,8
26089,8
26090,8
26091,8
26092,7
26093,3
26094,3
26095,5
26096,1
26097,8
26098,4
26099,3
26100,6
26101,4
26102,8
26103,1
26104,5
26105,7
26106,7
26107,6
26108,3
26109,7
26110,1
26111,2
26112,6
26113,7
26114,8
26115,8
26116,8
26117,8
26118,4
26119,6
26120,7
26121,8
26122,8
26123,7
26124,8
26125,8
26126,6
26127,8
26128,4
26129,4
26130,3
26131,8
26132,5
26133,4
26134,4
26135,7
26136,6
26137,7
26138,7
26139,3
26140,3
26141,4
26142,1
26143,3
26144,7
26145,2
26146,1
26147,7
26148,6
26149,7
26150,7
26151,7
26152,7
26153,8
26154,4
26155,7
26156,8
26157,1
26158,7
26159,5
26160,7
26161,7
26162,4
26163,8
26164,8
26165,4
26166,5
26167,5
26168,7
26169,8
26170,6
26171,8
26172,6
26173,5
26174,8
26175,8
26176,8
26177,1
26178,5
26179,6
26180,8
26181,8
26182,6
26183,8
26184,6
26185,1
26186,5
26187,2
26188,8
26189,8
26190,8
26191,4
26192,7
26193,7
26194,8
26195,4
26196,1
26197,6
26198,5
26199,1
26200,7
26201,8
26202,8
26203,7
26204,3
26205,6
26206,1
26207,8
26208,4
26209,3
26210,7
26211,6
26212,7
26213,2
26214,8
26215,5
26216,4
26217,4
26218,3
26219,8
26220,4
26221,5
26222,6
26223,8
26224,4
26225,1
26226,8
26227,7
26228,7
26229,8
26230,7
26231,8
26232,2
26233,6
26234,6
26235,6
26236,5
26237,6
26238,7
26239,7
26240,8
26241,4
26242,3
26243,4
26244,5
26245,6
26246,4
26247,8
26248,8
26249,3
26250,4
26251,8
26252,6
26253,7
26254,5
26255,8
26256,5
26257,4
26258,7
26259,6
26260,8
26261,2
26262,3
26263,8
26264,4
26265,4
26266,7
26267,8
26268,6
26269,4
26270,7
26271,6
26272,5
26273,5
26274,8
26275,6
26276,8
26277,8
26278,7
26279,5
26280,7
26281,3
26282,1
26283,7
26284,6
26285,5
26286,6
26287,5
26288,3
26289,8
26290,3
26291,8
26292,2
26293,4
26294,8
26295,1
26296,7
26297,3
26298,3
26299,1
26300,8
26301,2
26302,8
26303,1
26304,8
26305,7
26306,5
26307,4
26308,4
26309,3
26310,3
26311,2
26312,7
26313,8
26314,6
26315,7
26316,4
26317,8
26318,8
26319,7
26320,4
26321,8
26322,8
26323,5
26324,7
26325,1
26326,4
26327,8
26328,7
26329,4
26330,8
26331,2
26332,5
26333,6
26334,2
26335,2
26336,1
26337,8
26338,6
26339,7
26340,6
26341,7
26342,1
26343,3
26344,4
26345,8
26346,1
26347,8
26348,8
26349,5
26350,8
26351,5
26352,3
26353,8
26354,2
26355,8
26356,8
26357,6
26358,1
26359,6
26360,1
26361,6
26362,8
26363,3
26364,7
26365,8
26366,6
26367,7
26368,8
26369,3
26370,8
26371,3
26372,8
26373,8
26374,8
26375,5
26376,6
26377,8
26378,8
26379,7
26380,8
26381,7
26382,4
26383,7
26384,6
26385,8
26386,8
26387,3
26388,3
26389,7
26390,5
26391,6
26392,8
26393,7
26394,8
26395,4
26396,7
26397,4
26398,6
26399,5
26400,8
26401,3
26402,5
26403,4
26404,7
26405,6
26406,6
26407,7
26408,8
26409,7
26410,5
26411,8
26412,5
26413,4
26414,7
26415,6
26416,1
26417,7
26418,3
26419,8
26420,1
26421,7
26422,3
26423,8
26424,8
26425,8
26426,3
26427,1
26428,6
26429,1
26430,8
26431,8
26432,7
26433,1
26434,7
26435,4
26436,8
26437,7
26438,8
26439,7
26440,8
26441,2
26442,6
26443,3
26444,8
26445,2
26446,4
26447,2
26448,8
26449,8
26450,7
26451,4
26452,8
26453,1
26454,6
26455,3
26456,8
26457,4
26458,6
26459,7
26460,6
26461,8
26462,8
26463,7
26464,7
26465,8
26466,8
26467,8
26468,8
26469,8
26470,8
26471,7
26472,1
26473,6
26474,8
26475,4
26476,6
26477,7
26478,7
26479,8
26480,2
26481,8
26482,8
26483,8
26484,1
26485,8
26486,8
26487,1
26488,8
26489,3
26490,7
26491,8
26492,5
26493,8
26494,3
26495,4
26496,4
26497,7
26498,7
26499,7
26500,7
26501,8
26502,8
26503,7
26504,3
26505,5
26506,8
26507,7
26508,7
26509,4
26510,5
26511,8
26512,6
26513,2
26514,3
26515,8
26516,2
26517,2
26518,7
26519,4
26520,8
26521,2
26522,8
26523,8
26524,5
26525,7
26526,7
26527,5
26528,8
26529,7
26530,2
26531,1
26532,8
26533,2
26534,4
26535,6
26536,8
26537,6
26538,8
26539,3
26540,4
26541,8
26542,2
26543,7
26544,5
26545,8
26546,7
26547,8
26548,7
26549,6
26550,4
26551,8
26552,6
26553,1
26554,8
26555,6
26556,8
26557,3
26558,6
26559,3
26560,8
26561,8
26562,4
26563,3
26564,5
26565,7
26566,5
26567,7
26568,4
26569,8
26570,3
26571,6
26572,8
26573,5
26574,4
26575,7
26576,3
26577,1
26578,8
26579,8
26580,6
26581,3
26582,8
26583,8
26584,4
26585,6
26586,8
26587,6
26588,3
26589,7
26590,6
26591,5
26592,8
26593,7
26594,6
26595,6
26596,7
26597,4
26598,7
26599,5
26600,7
26601,7
26602,8
26603,4
26604,8
26605,3
26606,4
26607,4
26608,4
26609,2
26610,8
26611,8
26612,7
26613,8
26614,2
26615,7
26616,8
26617,3
26618,1
26619,7
26620,8
26621,5
26622,7
26623,1
26624,1
26625,8
26626,8
26627,6
26628,8
26629,8
26630,2
26631,3
26632,4
26633,6
26634,6
26635,2
26636,6
26637,8
26638,7
26639,5
26640,7
26641,5
26642,8
26643,6
26644,8
26645,5
26646,4
26647,5
26648,4
26649,5
26650,7
26651,4
26652,5
26653,7
26654,7
26655,3
26656,1
26657,8
26658,2
26659,7
26660,8
26661,7
26662,4
26663,6
26664,6
26665,8
26666,8
26667,6
26668,8
26669,6
26670,7
26671,6
26672,3
26673,7
26674,4
26675,2
26676,7
26677,5
26678,8
26679,6
26680,8
26681,7
26682,8
26683,8
26684,7
26685,1
26686,3
26687,1
26688,4
26689,7
26690,6
26691,5
26692,8
26693,8
26694,8
26695,2
26696,3
26697,3
26698,8
26699,8
26700,8
26701,8
26702,8
26703,8
26704,6
26705,3
26706,3
26707,3
26708,6
26709,8
26710,8
26711,8
26712,5
26713,8
26714,8
26715,8
26716,8
26717,2
26718,8
26719,8
26720,8
26721,8
26722,1
26723,4
26724,3
26725,8
26726,8
26727,8
26728,8
26729,3
26730,8
26731,4
26732,8
26733,8
26734,4
26735,6
26736,1
26737,7
26738,7
26739,6
26740,4
26741,2
26742,2
26743,2
26744,3
26745,4
26746,7
26747,6
26748,8
26749,3
26750,8
26751,8
26752,8
26753,6
26754,4
26755,5
26756,8
26757,2
26758,6
26759,8
26760,7
26761,8
26762,8
26763,8
26764,8
26765,8
26766,7
26767,7
26768,8
26769,6
26770,4
26771,1
26772,8
26773,8
26774,4
26775,2
26776,7
26777,3
26778,7
26779,8
26780,7
26781,3
26782,4
26783,2
26784,5
26785,4
26786,8
26787,3
26788,8
26789,5
26790,1
26791,5
26792,8
26793,8
26794,2
26795,7
26796,3
26797,8
26798,8
26799,7
26800,7
26801,2
26802,3
26803,4
26804,8
26805,4
26806,6
26807,7
26808,7
26809,8
26810,7
26811,6
26812,8
26813,4
26814,1
26815,8
26816,8
26817,7
26818,1
26819,1
26820,8
26821,8
26822,7
26823,8
26824,4
26825,2
26826,5
26827,6
26828,4
26829,4
26830,7
26831,4
26832,8
26833,7
26834,7
26835,4
26836,8
26837,8
26838,7
26839,4
26840,7
26841,7
26842,4
26843,3
26844,8
26845,8
26846,6
26847,3
26848,5
26849,7
26850,8
26851,6
26852,7
26853,5
26854,4
26855,5
26856,6
26857,1
26858,6
26859,1
26860,8
26861,8
26862,1
26863,8
26864,8
26865,7
26866,6
26867,8
26868,8
26869,6
26870,7
26871,6
26872,7
26873,8
26874,7
26875,6
26876,8
26877,5
26878,4
26879,3
26880,8
26881,1
26882,5
26883,8
26884,8
26885,6
26886,1
26887,4
26888,7
26889,7
26890,3
26891,6
26892,6
26893,8
26894,6
26895,7
26896,8
26897,8
26898,6
26899,8
26900,7
26901,4
26902,5
26903,8
26904,8
26905,7
26906,7
26907,4
26908,5
26909,8
26910,7
26911,4
26912,3
26913,6
26914,2
26915,7
26916,8
26917,3
26918,1
26919,1
26920,6
26921,8
26922,3
26923,8
26924,8
26925,7
26926,7
26927,5
26928,6
26929,6
26930,8
26931,2
26932,6
26933,7
26934,7
26935,4
26936,1
26937,8
26938,8
26939,8
26940,1
26941,7
26942,7
26943,2
26944,5
26945,8
26946,8
26947,5
26948,7
26949,7
26950,8
26951,8
26952,6
26953,8
26954,3
26955,5
26956,8
26957,7
26958,7
26959,2
26960,8
26961,8
26962,5
26963,8
26964,8
26965,7
26966,3
26967,8
26968,3
26969,4
26970,4
26971,8
26972,2
26973,8
26974,3
26975,8
26976,8
26977,8
26978,6
26979,8
26980,8
26981,2
26982,8
26983,7
26984,8
26985,5
26986,2
26987,8
26988,8
26989,8
26990,8
26991,6
26992,7
26993,7
26994,1
26995,7
26996,8
26997,6
26998,4
26999,7
27000,4
27001,8
27002,8
27003,1
27004,6
27005,8
27006,5
27007,6
27008,8
27009,8
27010,3
27011,3
27012,7
27013,4
27014,8
27015,6
27016,8
27017,1
27018,6
27019,7
27020,1
27021,8
27022,6
27023,8
27024,7
27025,7
27026,5
27027,3
27028,8
27029,5
27030,8
27031,8
27032,2
27033,7
27034,8
27035,7
27036,7
27037,8
27038,6
27039,7
27040,6
27041,8
27042,4
27043,6
27044,4
27045,8
27046,5
27047,5
27048,5
27049,8
27050,8
27051,5
27052,8
27053,5
27054,5
27055,8
27056,7
27057,6
27058,8
27059,8
27060,3
27061,7
27062,4
27063,8
27064,7
27065,8
27066,6
27067,4
27068,7
27069,4
27070,3
27071,7
27072,7
27073,7
27074,8
27075,2
27076,8
27077,7
27078,4
27079,5
27080,4
27081,5
27082,8
27083,6
27084,7
27085,6
27086,8
27087,4
27088,2
27089,8
27090,6
27091,8
27092,6
27093,5
27094,7
27095,7
27096,1
27097,7
27098,8
27099,8
27100,7
27101,8
27102,8
27103,7
27104,1
27105,8
27106,3
27107,4
27108,8
27109,2
27110,7
27111,4
27112,5
27113,8
27114,4
27115,8
27116,8
27117,5
27118,8
27119,8
27120,6
27121,5
27122,5
27123,5
27124,7
27125,8
27126,8
27127,3
27128,8
27129,4
27130,3
27131,4
27132,2
27133,6
27134,7
27135,7
27136,4
27137,6
27138,5
27139,6
27140,4
27141,5
27142,5
27143,2
27144,4
27145,8
27146,7
27147,8
27148,2
27149,6
27150,7
27151,8
27152,1
27153,6
27154,3
27155,8
27156,1
27157,8
27158,4
27159,1
27160,5
27161,8
27162,8
27163,7
27164,7
27165,7
27166,8
27167,4
27168,5
27169,4
27170,6
27171,3
27172,8
27173,7
27174,7
27175,7
27176,5
27177,1
27178,3
27179,8
27180,8
27181,8
27182,7
27183,1
27184,8
27185,3
27186,7
27187,6
27188,4
27189,3
27190,7
27191,8
27192,5
27193,7
27194,8
27195,6
27196,8
27197,2
27198,7
27199,6
27200,5
27201,8
27202,5
27203,8
27204,1
27205,1
27206,4
27207,8
27208,8
27209,8
27210,6
27211,3
27212,7
27213,2
27214,8
27215,6
27216,6
27217,5
27218,2
27219,3
27220,6
27221,8
27222,7
27223,1
27224,8
27225,3
27226,8
27227,2
27228,6
27229,8
27230,7
27231,4
27232,7
27233,8
27234,7
27235,8
27236,5
27237,6
27238,3
27239,8
27240,1
27241,7
27242,5
27243,5
27244,8
27245,8
27246,5
27247,7
27248,8
27249,8
27250,1
27251,5
27252,6
27253,3
27254,7
27255,3
27256,8
27257,8
27258,8
27259,8
27260,5
27261,7
27262,7
27263,4
27264,6
27265,4
27266,8
27267,3
27268,8
27269,8
27270,5
27271,5
27272,6
27273,6
27274,6
27275,8
27276,7
27277,8
27278,1
27279,6
27280,7
27281,2
27282,3
27283,7
27284,8
27285,1
27286,3
27287,7
27288,3
27289,8
27290,7
27291,8
27292,3
27293,8
27294,6
27295,8
27296,7
27297,5
27298,5
27299,8
27300,8
27301,4
27302,2
27303,8
27304,8
27305,6
27306,4
27307,7
27308,5
27309,8
27310,3
27311,7
27312,1
27313,8
27314,8
27315,8
27316,4
27317,7
27318,7
27319,6
27320,7
27321,7
27322,7
27323,7
27324,7
27325,8
27326,8
27327,3
27328,6
27329,7
27330,2
27331,4
27332,6
27333,7
27334,4
27335,6
27336,7
27337,8
27338,7
27339,8
27340,8
27341,7
27342,8
27343,8
27344,2
27345,7
27346,6
27347,8
27348,1
27349,8
27350,2
27351,7
27352,6
27353,6
27354,7
27355,6
27356,5
27357,4
27358,1
27359,4
27360,5
27361,8
27362,8
27363,8
27364,8
27365,8
27366,6
27367,8
27368,7
27369,8
27370,8
27371,8
27372,8
27373,8
27374,1
27375,2
27376,8
27377,4
27378,7
27379,8
27380,3
27381,7
27382,5
27383,5
27384,3
27385,2
27386,8
27387,7
27388,5
27389,8
27390,7
27391,8
27392,4
27393,6
27394,8
27395,6
27396,8
27397,5
27398,8
27399,3
27400,8
27401,8
27402,8
27403,4
27404,8
27405,8
27406,5
27407,1
27408,8
27409,3
27410,8
27411,7
27412,8
27413,4
27414,2
27415,4
27416,1
27417,8
27418,7
27419,8
27420,3
27421,4
27422,1
27423,6
27424,8
27425,5
27426,2
27427,7
27428,8
27429,1
27430,6
27431,7
27432,4
27433,2
27434,7
27435,1
27436,1
27437,7
27438,8
27439,6
27440,2
27441,6
27442,6
27443,7
27444,8
27445,8
27446,7
27447,8
27448,8
27449,4
27450,3
27451,7
27452,4
27453,7
27454,8
27455,8
27456,8
27457,8
27458,7
27459,1
27460,8
27461,4
27462,8
27463,4
27464,6
27465,8
27466,8
27467,8
27468,8
27469,8
27470,4
27471,1
27472,3
27473,6
27474,8
27475,8
27476,8
27477,5
27478,7
27479,4
27480,5
27481,7
27482,6
27483,6
27484,4
27485,8
27486,5
27487,6
27488,8
27489,4
27490,1
27491,8
27492,8
27493,7
27494,7
27495,8
27496,4
27497,8
27498,1
27499,4
27500,3
27501,5
27502,5
27503,6
27504,8
27505,5
27506,8
27507,4
27508,7
27509,7
27510,2
27511,8
27512,7
27513,7
27514,2
27515,6
27516,7
27517,4
27518,1
27519,7
27520,1
27521,1
27522,7
27523,7
27524,8
27525,6
27526,8
27527,6
27528,2
27529,5
27530,4
27531,5
27532,8
27533,8
27534,7
27535,8
27536,4
27537,8
27538,7
27539,8
27540,7
27541,8
27542,7
27543,8
27544,7
27545,6
27546,8
27547,2
27548,7
27549,8
27550,7
27551,6
27552,5
27553,7
27554,2
27555,8
27556,4
27557,8
27558,5
27559,8
27560,5
27561,7
27562,4
27563,5
27564,8
27565,2
27566,8
27567,8
27568,7
27569,8
27570,4
27571,4
27572,7
27573,8
27574,6
27575,4
27576,3
27577,6
27578,4
27579,6
27580,1
27581,7
27582,7
27583,3
27584,6
27585,4
27586,8
27587,3
27588,6
27589,7
27590,4
27591,1
27592,4
27593,8
27594,7
27595,8
27596,4
27597,4
27598,5
27599,8
27600,5
27601,7
27602,7
27603,8
27604,6
27605,6
27606,8
27607,8
27608,4
27609,4
27610,8
27611,3
27612,4
27613,4
27614,2
27615,6
27616,4
27617,8
27618,5
27619,3
27620,4
27621,8
27622,7
27623,7
27624,7
27625,7
27626,7
27627,7
27628,8
27629,5
27630,1
27631,5
27632,2
27633,1
27634,8
27635,8
27636,8
27637,1
27638,7
27639,5
27640,1
27641,8
27642,7
27643,5
27644,7
27645,8
27646,8
27647,8
27648,1
27649,6
27650,4
27651,5
27652,6
27653,7
27654,1
27655,7
27656,6
27657,8
27658,3
27659,5
27660,7
27661,4
27662,8
27663,7
27664,4
27665,8
27666,7
27667,8
27668,6
27669,2
27670,7
27671,7
27672,7
27673,5
27674,1
27675,1
27676,7
27677,5
27678,8
27679,8
27680,6
27681,8
27682,5
27683,8
27684,8
27685,6
27686,1
27687,3
27688,7
27689,2
27690,4
27691,1
27692,7
27693,8
27694,8
27695,8
27696,8
27697,8
27698,8
27699,4
27700,6
27701,8
27702,3
27703,8
27704,8
27705,8
27706,7
27707,6
27708,8
27709,7
27710,5
27711,2
27712,7
27713,1
27714,4
27715,6
27716,7
27717,2
27718,7
27719,8
27720,7
27721,3
27722,2
27723,7
27724,6
27725,6
27726,5
27727,6
27728,1
27729,5
27730,2
27731,4
27732,8
27733,6
27734,3
27735,8
27736,6
27737,8
27738,8
27739,8
27740,7
27741,5
27742,5
27743,3
27744,8
27745,6
27746,5
27747,1
27748,4
27749,7
27750,8
27751,4
27752,4
27753,6
27754,8
27755,8
27756,4
27757,1
27758,8
27759,6
27760,3
27761,8
27762,6
27763,8
27764,8
27765,6
27766,4
27767,8
27768,8
27769,8
27770,7
27771,8
27772,8
27773,8
27774,8
27775,6
27776,1
27777,1
27778,7
27779,5
27780,7
27781,8
27782,4
27783,7
27784,5
27785,8
27786,7
27787,7
27788,7
27789,1
27790,5
27791,5
27792,8
27793,8
27794,3
27795,6
27796,8
27797,6
27798,2
27799,1
27800,2
27801,7
27802,8
27803,7
27804,5
27805,1
27806,8
27807,2
27808,7
27809,8
27810,5
27811,8
27812,8
27813,7
27814,8
27815,8
27816,8
27817,8
27818,1
27819,8
27820,7
27821,3
27822,5
27823,8
27824,7
27825,3
27826,8
27827,7
27828,6
27829,7
27830,8
27831,8
27832,7
27833,8
27834,8
27835,6
27836,7
27837,8
27838,8
27839,2
27840,3
27841,7
27842,7
27843,7
27844,8
27845,7
27846,6
27847,8
27848,4
27849,8
27850,8
27851,4
27852,4
27853,2
27854,5
27855,8
27856,7
27857,6
27858,7
27859,8
27860,7
27861,6
27862,5
27863,6
27864,1
27865,8
27866,8
27867,8
27868,8
27869,5
27870,6
27871,8
27872,6
27873,8
27874,8
27875,6
27876,8
27877,6
27878,7
27879,8
27880,6
27881,8
27882,7
27883,5
27884,4
27885,8
27886,8
27887,6
27888,8
27889,8
27890,8
27891,4
27892,4
27893,7
27894,8
27895,5
27896,8
27897,8
27898,4
27899,1
27900,4
27901,7
27902,7
27903,6
27904,5
27905,6
27906,8
27907,5
27908,1
27909,8
27910,7
27911,8
27912,6
27913,4
27914,3
27915,5
27916,3
27917,4
27918,8
27919,3
27920,8
27921,7
27922,8
27923,7
27924,6
27925,7
27926,4
27927,8
27928,6
27929,2
27930,7
27931,4
27932,8
27933,5
27934,1
27935,4
27936,1
27937,6
27938,8
27939,8
27940,8
27941,8
27942,5
27943,1
27944,5
27945,4
27946,4
27947,6
27948,6
27949,8
27950,5
27951,3
27952,3
27953,5
27954,6
27955,8
27956,7
27957,3
27958,5
27959,5
27960,5
27961,5
27962,5
27963,2
27964,3
27965,6
27966,1
27967,8
27968,5
27969,8
27970,8
27971,6
27972,6
27973,7
27974,6
27975,6
27976,8
27977,3
27978,8
27979,7
27980,8
27981,7
27982,1
27983,4
27984,5
27985,4
27986,3
27987,7
27988,8
27989,7
27990,6
27991,6
27992,3
27993,8
27994,1
27995,5
27996,2
27997,7
27998,3
27999,8
28000,7
28001,1
28002,4
28003,4
28004,8
28005,4
28006,4
28007,4
28008,3
28009,6
28010,2
28011,5
28012,8
28013,1
28014,2
28015,4
28016,4
28017,8
28018,7
28019,6
28020,7
28021,8
28022,8
28023,4
28024,1
28025,1
28026,3
28027,4
28028,8
28029,6
28030,7
28031,8
28032,6
28033,8
28034,4
28035,6
28036,4
28037,4
28038,8
28039,8
28040,6
28041,8
28042,8
28043,5
28044,6
28045,3
28046,4
28047,6
28048,4
28049,1
28050,7
28051,5
28052,6
28053,7
28054,6
28055,7
28056,5
28057,2
28058,7
28059,6
28060,6
28061,8
28062,8
28063,5
28064,6
28065,8
28066,2
28067,8
28068,8
28069,3
28070,4
28071,8
28072,8
28073,8
28074,8
28075,7
28076,3
28077,5
28078,6
28079,3
28080,3
28081,5
28082,6
28083,8
28084,7
28085,7
28086,2
28087,1
28088,5
28089,5
28090,7
28091,5
28092,7
28093,4
28094,8
28095,8
28096,7
28097,4
28098,1
28099,3
28100,8
28101,8
28102,1
28103,6
28104,7
28105,5
28106,5
28107,2
28108,6
28109,4
28110,8
28111,6
28112,5
28113,6
28114,8
28115,8
28116,4
28117,8
28118,1
28119,5
28120,4
28121,2
28122,8
28123,1
28124,8
28125,6
28126,5
28127,7
28128,5
28129,7
28130,7
28131,8
28132,8
28133,7
28134,3
28135,6
28136,8
28137,8
28138,4
28139,7
28140,5
28141,5
28142,4
28143,7
28144,8
28145,2
28146,6
28147,4
28148,3
28149,8
28150,7
28151,8
28152,1
28153,7
28154,6
28155,8
28156,2
28157,7
28158,8
28159,7
28160,1
28161,8
28162,3
28163,8
28164,7
28165,1
28166,7
28167,1
28168,5
28169,7
28170,5
28171,7
28172,8
28173,2
28174,5
28175,7
28176,2
28177,8
28178,7
28179,1
28180,8
28181,5
28182,1
28183,8
28184,3
28185,7
28186,4
28187,6
28188,7
28189,7
28190,8
28191,8
28192,1
28193,8
28194,8
28195,6
28196,8
28197,6
28198,6
28199,5
28200,8
28201,8
28202,8
28203,5
28204,8
28205,7
28206,6
28207,8
28208,3
28209,5
28210,7
28211,4
28212,8
28213,8
28214,6
28215,3
28216,4
28217,6
28218,5
28219,4
28220,8
28221,7
28222,7
28223,1
28224,2
28225,1
28226,8
28227,1
28228,3
28229,6
28230,8
28231,8
28232,2
28233,7
28234,6
28235,7
28236,1
28237,5
28238,1
28239,1
28240,1
28241,4
28242,4
28243,8
28244,3
28245,4
28246,4
28247,1
28248,6
28249,4
28250,8
28251,6
28252,4
28253,2
28254,3
28255,6
28256,7
28257,7
28258,7
28259,6
28260,6
28261,8
28262,5
28263,5
28264,4
28265,7
28266,7
28267,8
28268,6
28269,8
28270,8
28271,8
28272,7
28273,8
28274,7
28275,8
28276,1
28277,7
28278,8
28279,3
28280,8
28281,7
28282,7
28283,4
28284,6
28285,6
28286,1
28287,8
28288,2
28289,8
28290,6
28291,7
28292,8
28293,8
28294,2
28295,4
28296,8
28297,1
28298,7
28299,1
28300,5
28301,7
28302,5
28303,5
28304,4
28305,8
28306,6
28307,6
28308,2
28309,4
28310,8
28311,8
28312,6
28313,8
28314,8
28315,3
28316,7
28317,7
28318,5
28319,8
28320,4
28321,8
28322,6
28323,1
28324,2
28325,8
28326,6
28327,8
28328,3
28329,4
28330,8
28331,7
28332,1
28333,8
28334,8
28335,8
28336,8
28337,7
28338,8
28339,1
28340,7
28341,8
28342,8
28343,6
28344,8
28345,8
28346,7
28347,2
28348,3
28349,1
28350,8
28351,3
28352,7
28353,7
28354,3
28355,2
28356,8
28357,7
28358,8
28359,7
28360,8
28361,3
28362,3
28363,1
28364,7
28365,8
28366,2
28367,6
28368,1
28369,2
28370,3
28371,8
28372,6
28373,3
28374,7
28375,4
28376,1
28377,3
28378,8
28379,8
28380,2
28381,7
28382,4
28383,4
28384,3
28385,8
28386,8
28387,5
28388,4
28389,7
28390,8
28391,4
28392,1
28393,8
28394,8
28395,3
28396,5
28397,2
28398,8
28399,8
28400,7
28401,1
28402,8
28403,7
28404,1
28405,5
28406,7
28407,7
28408,5
28409,8
28410,8
28411,8
28412,5
28413,8
28414,8
28415,4
28416,7
28417,2
28418,6
28419,6
28420,3
28421,4
28422,5
28423,5
28424,1
28425,8
28426,6
28427,8
28428,7
28429,2
28430,6
28431,8
28432,8
28433,7
28434,6
28435,8
28436,7
28437,7
28438,8
28439,3
28440,6
28441,8
28442,1
28443,5
28444,7
28445,6
28446,6
28447,7
28448,8
28449,6
28450,8
28451,8
28452,2
28453,4
28454,7
28455,7
28456,8
28457,8
28458,5
28459,8
28460,8
28461,2
28462,5
28463,1
28464,7
28465,3
28466,1
28467,7
28468,1
28469,8
28470,4
28471,7
28472,7
28473,8
28474,8
28475,8
28476,4
28477,5
28478,8
28479,3
28480,6
28481,8
28482,8
28483,5
28484,7
28485,4
28486,8
28487,1
28488,7
28489,1
28490,8
28491,2
28492,7
28493,7
28494,8
28495,5
28496,4
28497,1
28498,6
28499,1
28500,6
28501,6
28502,4
28503,8
28504,4
28505,8
28506,8
28507,7
28508,7
28509,8
28510,8
28511,4
28512,6
28513,4
28514,7
28515,7
28516,8
28517,3
28518,8
28519,4
28520,4
28521,8
28522,3
28523,8
28524,6
28525,8
28526,8
28527,8
28528,7
28529,7
28530,3
28531,8
28532,1
28533,7
28534,8
28535,1
28536,7
28537,6
28538,5
28539,4
28540,8
28541,5
28542,8
28543,6
28544,8
28545,5
28546,5
28547,5
28548,5
28549,7
28550,2
28551,4
28552,7
28553,5
28554,8
28555,8
28556,5
28557,8
28558,6
28559,5
28560,6
28561,7
28562,4
28563,6
28564,4
28565,7
28566,2
28567,8
28568,4
28569,6
28570,4
28571,4
28572,1
28573,8
28574,5
28575,4
28576,7
28577,7
28578,1
28579,8
28580,8
28581,8
28582,7
28583,1
28584,2
28585,6
28586,8
28587,4
28588,2
28589,7
28590,4
28591,8
28592,5
28593,4
28594,7
28595,7
28596,7
28597,7
28598,3
28599,1
28600,6
28601,7
28602,4
28603,6
28604,4
28605,7
28606,6
28607,7
28608,5
28609,8
28610,8
28611,6
28612,4
28613,7
28614,8
28615,4
28616,4
28617,2
28618,8
28619,5
28620,6
28621,8
28622,6
28623,4
28624,7
28625,7
28626,8
28627,5
28628,8
28629,8
28630,4
28631,4
28632,3
28633,5
28634,8
28635,2
28636,6
28637,8
28638,8
28639,8
28640,8
28641,5
28642,3
28643,5
28644,2
28645,4
28646,5
28647,2
28648,8
28649,7
28650,8
28651,6
28652,4
28653,8
28654,7
28655,8
28656,3
28657,2
28658,7
28659,4
28660,7
28661,1
28662,8
28663,8
28664,4
28665,2
28666,3
28667,6
28668,8
28669,7
28670,3
28671,6
28672,6
28673,2
28674,7
28675,8
28676,7
28677,7
28678,7
28679,5
28680,6
28681,7
28682,7
28683,4
28684,8
28685,3
28686,8
28687,8
28688,7
28689,6
28690,5
28691,8
28692,8
28693,8
28694,5
28695,7
28696,8
28697,6
28698,7
28699,1
28700,8
28701,8
28702,6
28703,4
28704,4
28705,7
28706,6
28707,5
28708,4
28709,8
28710,7
28711,4
28712,2
28713,8
28714,7
28715,4
28716,3
28717,7
28718,5
28719,7
28720,6
28721,4
28722,8
28723,5
28724,2
28725,7
28726,7
28727,4
28728,8
28729,4
28730,4
28731,1
28732,1
28733,7
28734,7
28735,5
28736,8
28737,7
28738,7
28739,6
28740,6
28741,1
28742,3
28743,5
28744,8
28745,6
28746,7
28747,6
28748,8
28749,1
28750,5
28751,8
28752,6
28753,8
28754,7
28755,3
28756,8
28757,6
28758,6
28759,5
28760,2
28761,5
28762,1
28763,7
28764,1
28765,5
28766,2
28767,8
28768,3
28769,5
28770,3
28771,8
28772,7
28773,1
28774,3
28775,7
28776,8
28777,2
28778,6
28779,6
28780,6
28781,5
28782,4
28783,6
28784,8
28785,1
28786,4
28787,4
28788,8
28789,4
28790,8
28791,1
28792,3
28793,8
28794,5
28795,5
28796,7
28797,5
28798,7
28799,1
28800,3
28801,8
28802,8
28803,4
28804,6
28805,7
28806,6
28807,8
28808,8
28809,8
28810,7
28811,8
28812,7
28813,7
28814,6
28815,8
28816,3
28817,8
28818,7
28819,4
28820,8
28821,1
28822,4
28823,4
28824,8
28825,3
28826,4
28827,7
28828,7
28829,4
28830,6
28831,1
28832,3
28833,5
28834,7
28835,3
28836,7
28837,4
28838,8
28839,8
28840,8
28841,4
28842,8
28843,5
28844,3
28845,4
28846,8
28847,5
28848,7
28849,3
28850,3
28851,3
28852,7
28853,8
28854,1
28855,3
28856,5
28857,8
28858,4
28859,6
28860,6
28861,8
28862,8
28863,4
28864,3
28865,8
28866,4
28867,8
28868,8
28869,8
28870,8
28871,2
28872,7
28873,8
28874,1
28875,5
28876,8
28877,6
28878,1
28879,2
28880,4
28881,1
28882,8
28883,6
28884,5
28885,5
28886,6
28887,8
28888,1
28889,7
28890,5
28891,2
28892,7
28893,2
28894,8
28895,1
28896,7
28897,6
28898,6
28899,8
28900,8
28901,8
28902,7
28903,8
28904,7
28905,4
28906,6
28907,8
28908,8
28909,3
28910,7
28911,4
28912,8
28913,7
28914,3
28915,6
28916,8
28917,5
28918,7
28919,8
28920,6
28921,7
28922,5
28923,8
28924,4
28925,5
28926,7
28927,8
28928,8
28929,8
28930,8
28931,7
28932,8
28933,2
28934,6
28935,4
28936,8
28937,8
28938,3
28939,7
28940,5
28941,4
28942,8
28943,3
28944,7
28945,8
28946,6
28947,8
28948,3
28949,8
28950,2
28951,8
28952,8
28953,8
28954,3
28955,1
28956,8
28957,8
28958,7
28959,6
28960,3
28961,2
28962,4
28963,8
28964,7
28965,8
28966,2
28967,4
28968,8
28969,8
28970,7
28971,8
28972,3
28973,4
28974,5
28975,5
28976,4
28977,7
28978,1
28979,6
28980,8
28981,3
28982,5
28983,2
28984,3
28985,7
28986,1
28987,8
28988,6
28989,7
28990,8
28991,7
28992,1
28993,4
28994,2
28995,8
28996,7
28997,4
28998,7
28999,8
29000,8
29001,7
29002,8
29003,4
29004,7
29005,6
29006,7
29007,8
29008,7
29009,2
29010,4
29011,7
29012,7
29013,3
29014,1
29015,6
29016,7
29017,8
29018,7
29019,7
29020,8
29021,7
29022,1
29023,1
29024,4
29025,5
29026,7
29027,8
29028,3
29029,7
29030,1
29031,4
29032,3
29033,8
29034,7
29035,7
29036,8
29037,5
29038,8
29039,7
29040,6
29041,7
29042,8
29043,7
29044,5
29045,1
29046,5
29047,8
29048,7
29049,6
29050,1
29051,2
29052,8
29053,8
29054,8
29055,8
29056,6
29057,5
29058,3
29059,4
29060,8
29061,2
29062,7
29063,4
29064,6
29065,4
29066,7
29067,8
29068,8
29069,7
29070,6
29071,8
29072,4
29073,4
29074,6
29075,1
29076,8
29077,1
29078,8
29079,4
29080,5
29081,8
29082,1
29083,4
29084,1
29085,5
29086,7
29087,4
29088,2
29089,6
29090,8
29091,7
29092,7
29093,3
29094,6
29095,2
29096,6
29097,1
29098,1
29099,6
29100,7
29101,1
29102,5
29103,2
29104,2
29105,6
29106,8
29107,8
29108,7
29109,3
29110,8
29111,1
29112,6
29113,8
29114,8
29115,8
29116,8
29117,2
29118,6
29119,8
29120,6
29121,8
29122,8
29123,7
29124,6
29125,8
29126,6
29127,4
29128,5
29129,6
29130,3
29131,3
29132,8
29133,2
29134,6
29135,8
29136,3
29137,8
29138,6
29139,2
29140,7
29141,8
29142,7
29143,6
29144,5
29145,8
29146,7
29147,5
29148,8
29149,7
29150,6
29151,2
29152,8
29153,8
29154,8
29155,1
29156,7
29157,8
29158,2
29159,8
29160,6
29161,4
29162,5
29163,3
29164,8
29165,8
29166,7
29167,8
29168,7
29169,2
29170,5
29171,8
29172,4
29173,4
29174,5
29175,5
29176,5
29177,2
29178,7
29179,7
29180,4
29181,4
29182,6
29183,7
29184,4
29185,8
29186,6
29187,8
29188,7
29189,8
29190,8
29191,3
29192,7
29193,4
29194,7
29195,8
29196,8
29197,2
29198,7
29199,7
29200,7
29201,8
29202,3
29203,7
29204,5
29205,6
29206,8
29207,8
29208,7
29209,7
29210,8
29211,3
29212,3
29213,4
29214,8
29215,6
29216,6
29217,5
29218,8
29219,5
29220,8
29221,8
29222,8
29223,8
29224,8
29225,6
29226,8
29227,8
29228,5
29229,8
29230,6
29231,8
29232,7
29233,7
29234,8
29235,4
29236,5
29237,5
29238,1
29239,3
29240,6
29241,5
29242,8
29243,6
29244,6
29245,1
29246,1
29247,3
29248,4
29249,4
29250,7
29251,6
29252,8
29253,4
29254,4
29255,8
29256,8
29257,8
29258,7
29259,4
29260,5
29261,3
29262,8
29263,1
29264,8
29265,3
29266,8
29267,7
29268,7
29269,4
29270,3
29271,6
29272,6
29273,1
29274,8
29275,8
29276,1
29277,8
29278,5
29279,5
29280,2
29281,7
29282,4
29283,7
29284,7
29285,1
29286,8
29287,7
29288,4
29289,8
29290,7
29291,7
29292,3
29293,6
29294,7
29295,8
29296,8
29297,6
29298,6
29299,5
29300,7
29301,5
29302,7
29303,7
29304,7
29305,8
29306,4
29307,6
29308,6
29309,8
29310,4
29311,2
29312,8
29313,4
29314,3
29315,7
29316,7
29317,1
29318,8
29319,7
29320,3
29321,2
29322,3
29323,7
29324,5
29325,3
29326,1
29327,8
29328,8
29329,8
29330,7
29331,8
29332,2
29333,1
29334,8
29335,8
29336,2
29337,2
29338,5
29339,8
29340,6
29341,7
29342,5
29343,5
29344,8
29345,6
29346,2
29347,8
29348,7
29349,5
29350,7
29351,1
29352,7
29353,1
29354,8
29355,8
29356,8
29357,7
29358,8
29359,6
29360,6
29361,8
29362,7
29363,8
29364,7
29365,6
29366,7
29367,7
29368,3
29369,7
29370,8
29371,5
29372,3
29373,5
29374,5
29375,4
29376,8
29377,4
29378,6
29379,7
29380,8
29381,2
29382,8
29383,8
29384,5
29385,3
29386,7
29387,7
29388,5
29389,6
29390,4
29391,3
29392,8
29393,6
29394,5
29395,5
29396,4
29397,3
29398,3
29399,4
29400,3
29401,1
29402,8
29403,7
29404,6
29405,3
29406,7
29407,6
29408,8
29409,8
29410,1
29411,1
29412,2
29413,6
29414,1
29415,8
29416,8
29417,7
29418,6
29419,8
29420,8
29421,1
29422,4
29423,2
29424,6
29425,8
29426,8
29427,8
29428,8
29429,8
29430,8
29431,3
29432,7
29433,4
29434,8
29435,6
29436,8
29437,7
29438,4
29439,4
29440,8
29441,2
29442,8
29443,1
29444,1
29445,7
29446,3
29447,7
29448,2
29449,1
29450,8
29451,2
29452,3
29453,8
29454,4
29455,8
29456,4
29457,7
29458,8
29459,4
29460,3
29461,7
29462,1
29463,5
29464,8
29465,8
29466,6
29467,1
29468,7
29469,6
29470,7
29471,1
29472,8
29473,8
29474,8
29475,7
29476,8
29477,6
29478,8
29479,1
29480,8
29481,4
29482,8
29483,7
29484,6
29485,8
29486,7
29487,1
29488,3
29489,1
29490,6
29491,8
29492,8
29493,4
29494,3
29495,8
29496,2
29497,3
29498,7
29499,7
29500,5
29501,8
29502,2
29503,8
29504,7
29505,3
29506,5
29507,4
29508,7
29509,8
29510,8
29511,1
29512,8
29513,3
29514,8
29515,2
29516,8
29517,3
29518,7
29519,4
29520,5
29521,3
29522,8
29523,2
29524,7
29525,4
29526,1
29527,2
29528,2
29529,7
29530,6
29531,5
29532,2
29533,1
29534,1
29535,7
29536,8
29537,8
29538,8
29539,1
29540,7
29541,2
29542,8
29543,8
29544,2
29545,8
29546,8
29547,7
29548,6
29549,8
29550,4
29551,5
29552,7
29553,7
29554,2
29555,8
29556,6
29557,8
29558,4
29559,3
29560,7
29561,4
29562,6
29563,6
29564,8
29565,8
29566,7
29567,7
29568,4
29569,7
29570,5
29571,3
29572,7
29573,6
29574,5
29575,5
29576,4
29577,6
29578,7
29579,4
29580,8
29581,8
29582,6
29583,7
29584,5
29585,4
29586,7
29587,7
29588,8
29589,6
29590,7
29591,5
29592,3
29593,8
29594,7
29595,6
29596,3
29597,7
29598,1
29599,6
29600,8
29601,4
29602,1
29603,8
29604,8
29605,5
29606,8
29607,8
29608,6
29609,6
29610,6
29611,4
29612,2
29613,8
29614,6
29615,1
29616,1
29617,8
29618,6
29619,6
29620,5
29621,6
29622,6
29623,6
29624,8
29625,6
29626,8
29627,7
29628,6
29629,8
29630,5
29631,8
29632,4
29633,8
29634,1
29635,7
29636,5
29637,7
29638,5
29639,5
29640,2
29641,6
29642,6
29643,2
29644,4
29645,8
29646,3
29647,1
29648,8
29649,4
29650,8
29651,1
29652,4
29653,8
29654,6
29655,4
29656,6
29657,2
29658,6
29659,5
29660,4
29661,7
29662,8
29663,8
29664,2
29665,8
29666,5
29667,4
29668,7
29669,4
29670,5
29671,8
29672,8
29673,8
29674,8
29675,8
29676,8
29677,8
29678,2
29679,6
29680,4
29681,5
29682,5
29683,4
29684,8
29685,8
29686,5
29687,5
29688,8
29689,3
29690,6
29691,5
29692,7
29693,5
29694,5
29695,5
29696,8
29697,5
29698,5
29699,8
29700,8
29701,8
29702,3
29703,7
29704,3
29705,1
29706,4
29707,7
29708,4
29709,7
29710,3
29711,7
29712,8
29713,5
29714,6
29715,8
29716,1
29717,6
29718,8
29719,6
29720,4
29721,8
29722,6
29723,5
29724,5
29725,7
29726,3
29727,1
29728,7
29729,7
29730,3
29731,8
29732,2
29733,8
29734,8
29735,8
29736,5
29737,7
29738,7
29739,2
29740,5
29741,7
29742,4
29743,2
29744,8
29745,8
29746,2
29747,8
29748,7
29749,1
29750,5
29751,8
29752,8
29753,7
29754,4
29755,4
29756,4
29757,4
29758,4
29759,6
29760,4
29761,2
29762,7
29763,5
29764,8
29765,2
29766,6
29767,8
29768,8
29769,8
29770,7
29771,4
29772,8
29773,8
29774,5
29775,7
29776,1
29777,7
29778,4
29779,3
29780,7
29781,1
29782,8
29783,2
29784,3
29785,8
29786,8
29787,5
29788,6
29789,8
29790,3
29791,6
29792,7
29793,6
29794,5
29795,8
29796,8
29797,8
29798,5
29799,3
29800,8
29801,4
29802,8
29803,4
29804,7
29805,4
29806,3
29807,1
29808,7
29809,7
29810,8
29811,5
29812,5
29813,7
29814,8
29815,6
29816,5
29817,3
29818,7
29819,6
29820,8
29821,8
29822,2
29823,8
29824,5
29825,4
29826,6
29827,4
29828,8
29829,4
29830,6
29831,5
29832,8
29833,8
29834,8
29835,4
29836,7
29837,2
29838,5
29839,5
29840,5
29841,7
29842,8
29843,5
29844,8
29845,4
29846,7
29847,4
29848,3
29849,6
29850,1
29851,7
29852,8
29853,3
29854,3
29855,7
29856,7
29857,6
29858,8
29859,2
29860,8
29861,8
29862,8
29863,2
29864,8
29865,4
29866,8
29867,3
29868,7
29869,4
29870,7
29871,7
29872,8
29873,8
29874,6
29875,8
29876,6
29877,7
29878,2
29879,8
29880,3
29881,2
29882,6
29883,5
29884,8
29885,3
29886,8
29887,8
29888,8
29889,5
29890,8
29891,8
29892,8
29893,8
29894,6
29895,5
29896,7
29897,8
29898,3
29899,2
29900,5
29901,4
29902,7
29903,6
29904,7
29905,3
29906,4
29907,8
29908,7
29909,8
29910,8
29911,8
29912,8
29913,8
29914,7
29915,8
29916,8
29917,8
29918,1
29919,4
29920,1
29921,8
29922,8
29923,8
29924,8
29925,6
29926,2
29927,5
29928,3
29929,7
29930,7
29931,8
29932,6
29933,7
29934,8
29935,3
29936,8
29937,8
29938,7
29939,4
29940,8
29941,3
29942,8
29943,7
29944,5
29945,8
29946,5
29947,8
29948,6
29949,5
29950,7
29951,5
29952,1
29953,3
29954,4
29955,8
29956,7
29957,8
29958,3
29959,6
29960,8
29961,8
29962,5
29963,8
29964,5
29965,7
29966,8
29967,5
29968,8
29969,5
29970,8
29971,4
29972,3
29973,6
29974,4
29975,3
29976,8
29977,7
29978,7
29979,8
29980,6
29981,8
29982,4
29983,7
29984,5
29985,4
29986,4
29987,8
29988,4
29989,1
29990,8
29991,4
29992,8
29993,8
29994,2
29995,8
29996,8
29997,6
29998,8
29999,3
